,Date,Income,Month,Month_Year
0,1959-01-01,12440.0,1,1959-01
1,1959-02-01,12462.0,2,1959-02
2,1959-03-01,12517.0,3,1959-03
3,1959-04-01,12581.0,4,1959-04
4,1959-05-01,12634.0,5,1959-05
5,1959-06-01,12660.0,6,1959-06
6,1959-07-01,12622.0,7,1959-07
7,1959-08-01,12528.0,8,1959-08
8,1959-09-01,12514.0,9,1959-09
9,1959-10-01,12504.0,10,1959-10
10,1959-11-01,12577.0,11,1959-11
11,1959-12-01,12683.0,12,1959-12
12,1960-01-01,12680.0,1,1960-01
13,1960-02-01,12654.0,2,1960-02
14,1960-03-01,12642.0,3,1960-03
15,1960-04-01,12665.0,4,1960-04
16,1960-05-01,12669.0,5,1960-05
17,1960-06-01,12658.0,6,1960-06
18,1960-07-01,12658.0,7,1960-07
19,1960-08-01,12609.0,8,1960-08
20,1960-09-01,12609.0,9,1960-09
21,1960-10-01,12639.0,10,1960-10
22,1960-11-01,12571.0,11,1960-11
23,1960-12-01,12501.0,12,1960-12
24,1961-01-01,12609.0,1,1961-01
25,1961-02-01,12646.0,2,1961-02
26,1961-03-01,12683.0,3,1961-03
27,1961-04-01,12693.0,4,1961-04
28,1961-05-01,12780.0,5,1961-05
29,1961-06-01,12895.0,6,1961-06
30,1961-07-01,12921.0,7,1961-07
31,1961-08-01,12902.0,8,1961-08
32,1961-09-01,12894.0,9,1961-09
33,1961-10-01,13011.0,10,1961-10
34,1961-11-01,13114.0,11,1961-11
35,1961-12-01,13177.0,12,1961-12
36,1962-01-01,13129.0,1,1962-01
37,1962-02-01,13174.0,2,1962-02
38,1962-03-01,13246.0,3,1962-03
39,1962-04-01,13289.0,4,1962-04
40,1962-05-01,13281.0,5,1962-05
41,1962-06-01,13267.0,6,1962-06
42,1962-07-01,13308.0,7,1962-07
43,1962-08-01,13302.0,8,1962-08
44,1962-09-01,13287.0,9,1962-09
45,1962-10-01,13334.0,10,1962-10
46,1962-11-01,13354.0,11,1962-11
47,1962-12-01,13400.0,12,1962-12
48,1963-01-01,13482.0,1,1963-01
49,1963-02-01,13389.0,2,1963-02
50,1963-03-01,13433.0,3,1963-03
51,1963-04-01,13473.0,4,1963-04
52,1963-05-01,13509.0,5,1963-05
53,1963-06-01,13561.0,6,1963-06
54,1963-07-01,13559.0,7,1963-07
55,1963-08-01,13594.0,8,1963-08
56,1963-09-01,13677.0,9,1963-09
57,1963-10-01,13738.0,10,1963-10
58,1963-11-01,13751.0,11,1963-11
59,1963-12-01,13847.0,12,1963-12
60,1964-01-01,13879.0,1,1964-01
61,1964-02-01,13909.0,2,1964-02
62,1964-03-01,14225.0,3,1964-03
63,1964-04-01,14287.0,4,1964-04
64,1964-05-01,14346.0,5,1964-05
65,1964-06-01,14377.0,6,1964-06
66,1964-07-01,14428.0,7,1964-07
67,1964-08-01,14474.0,8,1964-08
68,1964-09-01,14512.0,9,1964-09
69,1964-10-01,14490.0,10,1964-10
70,1964-11-01,14568.0,11,1964-11
71,1964-12-01,14694.0,12,1964-12
72,1965-01-01,14709.0,1,1965-01
73,1965-02-01,14700.0,2,1965-02
74,1965-03-01,14737.0,3,1965-03
75,1965-04-01,14740.0,4,1965-04
76,1965-05-01,14889.0,5,1965-05
77,1965-06-01,14894.0,6,1965-06
78,1965-07-01,15032.0,7,1965-07
79,1965-08-01,15089.0,8,1965-08
80,1965-09-01,15465.0,9,1965-09
81,1965-10-01,15372.0,10,1965-10
82,1965-11-01,15466.0,11,1965-11
83,1965-12-01,15516.0,12,1965-12
84,1966-01-01,15514.0,1,1966-01
85,1966-02-01,15567.0,2,1966-02
86,1966-03-01,15616.0,3,1966-03
87,1966-04-01,15543.0,4,1966-04
88,1966-05-01,15553.0,5,1966-05
89,1966-06-01,15603.0,6,1966-06
90,1966-07-01,15641.0,7,1966-07
91,1966-08-01,15705.0,8,1966-08
92,1966-09-01,15780.0,9,1966-09
93,1966-10-01,15814.0,10,1966-10
94,1966-11-01,15872.0,11,1966-11
95,1966-12-01,15845.0,12,1966-12
96,1967-01-01,15995.0,1,1967-01
97,1967-02-01,16014.0,2,1967-02
98,1967-03-01,16121.0,3,1967-03
99,1967-04-01,16103.0,4,1967-04
100,1967-05-01,16122.0,5,1967-05
101,1967-06-01,16167.0,6,1967-06
102,1967-07-01,16217.0,7,1967-07
103,1967-08-01,16259.0,8,1967-08
104,1967-09-01,16240.0,9,1967-09
105,1967-10-01,16250.0,10,1967-10
106,1967-11-01,16334.0,11,1967-11
107,1967-12-01,16351.0,12,1967-12
108,1968-01-01,16428.0,1,1968-01
109,1968-02-01,16536.0,2,1968-02
110,1968-03-01,16680.0,3,1968-03
111,1968-04-01,16725.0,4,1968-04
112,1968-05-01,16780.0,5,1968-05
113,1968-06-01,16841.0,6,1968-06
114,1968-07-01,16791.0,7,1968-07
115,1968-08-01,16797.0,8,1968-08
116,1968-09-01,16782.0,9,1968-09
117,1968-10-01,16827.0,10,1968-10
118,1968-11-01,16876.0,11,1968-11
119,1968-12-01,16922.0,12,1968-12
120,1969-01-01,16880.0,1,1969-01
121,1969-02-01,16873.0,2,1969-02
122,1969-03-01,16892.0,3,1969-03
123,1969-04-01,16854.0,4,1969-04
124,1969-05-01,17031.0,5,1969-05
125,1969-06-01,17137.0,6,1969-06
126,1969-07-01,17241.0,7,1969-07
127,1969-08-01,17328.0,8,1969-08
128,1969-09-01,17349.0,9,1969-09
129,1969-10-01,17372.0,10,1969-10
130,1969-11-01,17386.0,11,1969-11
131,1969-12-01,17402.0,12,1969-12
132,1970-01-01,17481.0,1,1970-01
133,1970-02-01,17523.0,2,1970-02
134,1970-03-01,17576.0,3,1970-03
135,1970-04-01,17743.0,4,1970-04
136,1970-05-01,17652.0,5,1970-05
137,1970-06-01,17669.0,6,1970-06
138,1970-07-01,17899.0,7,1970-07
139,1970-08-01,17935.0,8,1970-08
140,1970-09-01,17894.0,9,1970-09
141,1970-10-01,17815.0,10,1970-10
142,1970-11-01,17769.0,11,1970-11
143,1970-12-01,17830.0,12,1970-12
144,1971-01-01,18085.0,1,1971-01
145,1971-02-01,18093.0,2,1971-02
146,1971-03-01,18135.0,3,1971-03
147,1971-04-01,18155.0,4,1971-04
148,1971-05-01,18211.0,5,1971-05
149,1971-06-01,18578.0,6,1971-06
150,1971-07-01,18295.0,7,1971-07
151,1971-08-01,18340.0,8,1971-08
152,1971-09-01,18428.0,9,1971-09
153,1971-10-01,18468.0,10,1971-10
154,1971-11-01,18494.0,11,1971-11
155,1971-12-01,18572.0,12,1971-12
156,1972-01-01,18464.0,1,1972-01
157,1972-02-01,18564.0,2,1972-02
158,1972-03-01,18627.0,3,1972-03
159,1972-04-01,18604.0,4,1972-04
160,1972-05-01,18726.0,5,1972-05
161,1972-06-01,18769.0,6,1972-06
162,1972-07-01,18890.0,7,1972-07
163,1972-08-01,19048.0,8,1972-08
164,1972-09-01,19104.0,9,1972-09
165,1972-10-01,19566.0,10,1972-10
166,1972-11-01,19767.0,11,1972-11
167,1972-12-01,19839.0,12,1972-12
168,1973-01-01,19722.0,1,1973-01
169,1973-02-01,19856.0,2,1973-02
170,1973-03-01,19914.0,3,1973-03
171,1973-04-01,19925.0,4,1973-04
172,1973-05-01,19946.0,5,1973-05
173,1973-06-01,19990.0,6,1973-06
174,1973-07-01,20021.0,7,1973-07
175,1973-08-01,19939.0,8,1973-08
176,1973-09-01,20022.0,9,1973-09
177,1973-10-01,20182.0,10,1973-10
178,1973-11-01,20199.0,11,1973-11
179,1973-12-01,20110.0,12,1973-12
180,1974-01-01,19950.0,1,1974-01
181,1974-02-01,19786.0,2,1974-02
182,1974-03-01,19632.0,3,1974-03
183,1974-04-01,19604.0,4,1974-04
184,1974-05-01,19569.0,5,1974-05
185,1974-06-01,19514.0,6,1974-06
186,1974-07-01,19573.0,7,1974-07
187,1974-08-01,19528.0,8,1974-08
188,1974-09-01,19489.0,9,1974-09
189,1974-10-01,19536.0,10,1974-10
190,1974-11-01,19417.0,11,1974-11
191,1974-12-01,19407.0,12,1974-12
192,1975-01-01,19384.0,1,1975-01
193,1975-02-01,19384.0,2,1975-02
194,1975-03-01,19389.0,3,1975-03
195,1975-04-01,19728.0,4,1975-04
196,1975-05-01,20847.0,5,1975-05
197,1975-06-01,20125.0,6,1975-06
198,1975-07-01,19795.0,7,1975-07
199,1975-08-01,19908.0,8,1975-08
200,1975-09-01,19938.0,9,1975-09
201,1975-10-01,20004.0,10,1975-10
202,1975-11-01,19973.0,11,1975-11
203,1975-12-01,19978.0,12,1975-12
204,1976-01-01,20092.0,1,1976-01
205,1976-02-01,20203.0,2,1976-02
206,1976-03-01,20251.0,3,1976-03
207,1976-04-01,20263.0,4,1976-04
208,1976-05-01,20248.0,5,1976-05
209,1976-06-01,20251.0,6,1976-06
210,1976-07-01,20349.0,7,1976-07
211,1976-08-01,20372.0,8,1976-08
212,1976-09-01,20357.0,9,1976-09
213,1976-10-01,20303.0,10,1976-10
214,1976-11-01,20469.0,11,1976-11
215,1976-12-01,20531.0,12,1976-12
216,1977-01-01,20474.0,1,1977-01
217,1977-02-01,20278.0,2,1977-02
218,1977-03-01,20546.0,3,1977-03
219,1977-04-01,20561.0,4,1977-04
220,1977-05-01,20548.0,5,1977-05
221,1977-06-01,20616.0,6,1977-06
222,1977-07-01,20729.0,7,1977-07
223,1977-08-01,20792.0,8,1977-08
224,1977-09-01,20885.0,9,1977-09
225,1977-10-01,21017.0,10,1977-10
226,1977-11-01,21166.0,11,1977-11
227,1977-12-01,21237.0,12,1977-12
228,1978-01-01,21129.0,1,1978-01
229,1978-02-01,21240.0,2,1978-02
230,1978-03-01,21399.0,3,1978-03
231,1978-04-01,21455.0,4,1978-04
232,1978-05-01,21422.0,5,1978-05
233,1978-06-01,21404.0,6,1978-06
234,1978-07-01,21490.0,7,1978-07
235,1978-08-01,21558.0,8,1978-08
236,1978-09-01,21542.0,9,1978-09
237,1978-10-01,21579.0,10,1978-10
238,1978-11-01,21579.0,11,1978-11
239,1978-12-01,21668.0,12,1978-12
240,1979-01-01,21754.0,1,1979-01
241,1979-02-01,21825.0,2,1979-02
242,1979-03-01,21865.0,3,1979-03
243,1979-04-01,21668.0,4,1979-04
244,1979-05-01,21548.0,5,1979-05
245,1979-06-01,21471.0,6,1979-06
246,1979-07-01,21604.0,7,1979-07
247,1979-08-01,21611.0,8,1979-08
248,1979-09-01,21568.0,9,1979-09
249,1979-10-01,21533.0,10,1979-10
250,1979-11-01,21569.0,11,1979-11
251,1979-12-01,21592.0,12,1979-12
252,1980-01-01,21720.0,1,1980-01
253,1980-02-01,21585.0,2,1980-02
254,1980-03-01,21430.0,3,1980-03
255,1980-04-01,21388.0,4,1980-04
256,1980-05-01,21288.0,5,1980-05
257,1980-06-01,21312.0,6,1980-06
258,1980-07-01,21479.0,7,1980-07
259,1980-08-01,21481.0,8,1980-08
260,1980-09-01,21552.0,9,1980-09
261,1980-10-01,21702.0,10,1980-10
262,1980-11-01,21718.0,11,1980-11
263,1980-12-01,21804.0,12,1980-12
264,1981-01-01,21706.0,1,1981-01
265,1981-02-01,21625.0,2,1981-02
266,1981-03-01,21670.0,3,1981-03
267,1981-04-01,21593.0,4,1981-04
268,1981-05-01,21618.0,5,1981-05
269,1981-06-01,21718.0,6,1981-06
270,1981-07-01,22040.0,7,1981-07
271,1981-08-01,22084.0,8,1981-08
272,1981-09-01,22025.0,9,1981-09
273,1981-10-01,22034.0,10,1981-10
274,1981-11-01,22030.0,11,1981-11
275,1981-12-01,21986.0,12,1981-12
276,1982-01-01,21999.0,1,1982-01
277,1982-02-01,22044.0,2,1982-02
278,1982-03-01,22025.0,3,1982-03
279,1982-04-01,22227.0,4,1982-04
280,1982-05-01,22117.0,5,1982-05
281,1982-06-01,21978.0,6,1982-06
282,1982-07-01,22157.0,7,1982-07
283,1982-08-01,22171.0,8,1982-08
284,1982-09-01,22141.0,9,1982-09
285,1982-10-01,22096.0,10,1982-10
286,1982-11-01,22165.0,11,1982-11
287,1982-12-01,22252.0,12,1982-12
288,1983-01-01,22310.0,1,1983-01
289,1983-02-01,22303.0,2,1983-02
290,1983-03-01,22393.0,3,1983-03
291,1983-04-01,22425.0,4,1983-04
292,1983-05-01,22453.0,5,1983-05
293,1983-06-01,22452.0,6,1983-06
294,1983-07-01,22717.0,7,1983-07
295,1983-08-01,22655.0,8,1983-08
296,1983-09-01,22801.0,9,1983-09
297,1983-10-01,22988.0,10,1983-10
298,1983-11-01,23172.0,11,1983-11
299,1983-12-01,23368.0,12,1983-12
300,1984-01-01,23462.0,1,1984-01
301,1984-02-01,23588.0,2,1984-02
302,1984-03-01,23729.0,3,1984-03
303,1984-04-01,23876.0,4,1984-04
304,1984-05-01,23897.0,5,1984-05
305,1984-06-01,24038.0,6,1984-06
306,1984-07-01,24049.0,7,1984-07
307,1984-08-01,24192.0,8,1984-08
308,1984-09-01,24342.0,9,1984-09
309,1984-10-01,24230.0,10,1984-10
310,1984-11-01,24317.0,11,1984-11
311,1984-12-01,24450.0,12,1984-12
312,1985-01-01,24427.0,1,1985-01
313,1985-02-01,24187.0,2,1985-02
314,1985-03-01,24060.0,3,1985-03
315,1985-04-01,24441.0,4,1985-04
316,1985-05-01,25018.0,5,1985-05
317,1985-06-01,24472.0,6,1985-06
318,1985-07-01,24503.0,7,1985-07
319,1985-08-01,24463.0,8,1985-08
320,1985-09-01,24545.0,9,1985-09
321,1985-10-01,24646.0,10,1985-10
322,1985-11-01,24664.0,11,1985-11
323,1985-12-01,24793.0,12,1985-12
324,1986-01-01,24821.0,1,1986-01
325,1986-02-01,24934.0,2,1986-02
326,1986-03-01,25173.0,3,1986-03
327,1986-04-01,25251.0,4,1986-04
328,1986-05-01,25257.0,5,1986-05
329,1986-06-01,25219.0,6,1986-06
330,1986-07-01,25330.0,7,1986-07
331,1986-08-01,25346.0,8,1986-08
332,1986-09-01,25347.0,9,1986-09
333,1986-10-01,25311.0,10,1986-10
334,1986-11-01,25309.0,11,1986-11
335,1986-12-01,25336.0,12,1986-12
336,1987-01-01,25418.0,1,1987-01
337,1987-02-01,25537.0,2,1987-02
338,1987-03-01,25552.0,3,1987-03
339,1987-04-01,24575.0,4,1987-04
340,1987-05-01,25553.0,5,1987-05
341,1987-06-01,25499.0,6,1987-06
342,1987-07-01,25549.0,7,1987-07
343,1987-08-01,25634.0,8,1987-08
344,1987-09-01,25612.0,9,1987-09
345,1987-10-01,25754.0,10,1987-10
346,1987-11-01,25835.0,11,1987-11
347,1987-12-01,26048.0,12,1987-12
348,1988-01-01,26086.0,1,1988-01
349,1988-02-01,26222.0,2,1988-02
350,1988-03-01,26312.0,3,1988-03
351,1988-04-01,26385.0,4,1988-04
352,1988-05-01,26402.0,5,1988-05
353,1988-06-01,26478.0,6,1988-06
354,1988-07-01,26565.0,7,1988-07
355,1988-08-01,26615.0,8,1988-08
356,1988-09-01,26642.0,9,1988-09
357,1988-10-01,26761.0,10,1988-10
358,1988-11-01,26750.0,11,1988-11
359,1988-12-01,26864.0,12,1988-12
360,1989-01-01,26961.0,1,1989-01
361,1989-02-01,27024.0,2,1989-02
362,1989-03-01,27141.0,3,1989-03
363,1989-04-01,26981.0,4,1989-04
364,1989-05-01,26836.0,5,1989-05
365,1989-06-01,26889.0,6,1989-06
366,1989-07-01,26958.0,7,1989-07
367,1989-08-01,27003.0,8,1989-08
368,1989-09-01,27057.0,9,1989-09
369,1989-10-01,27165.0,10,1989-10
370,1989-11-01,27169.0,11,1989-11
371,1989-12-01,27148.0,12,1989-12
372,1990-01-01,27288.0,1,1990-01
373,1990-02-01,27326.0,2,1990-02
374,1990-03-01,27308.0,3,1990-03
375,1990-04-01,27451.0,4,1990-04
376,1990-05-01,27389.0,5,1990-05
377,1990-06-01,27397.0,6,1990-06
378,1990-07-01,27459.0,7,1990-07
379,1990-08-01,27253.0,8,1990-08
380,1990-09-01,27206.0,9,1990-09
381,1990-10-01,26951.0,10,1990-10
382,1990-11-01,26927.0,11,1990-11
383,1990-12-01,27053.0,12,1990-12
384,1991-01-01,26949.0,1,1991-01
385,1991-02-01,26960.0,2,1991-02
386,1991-03-01,26976.0,3,1991-03
387,1991-04-01,27053.0,4,1991-04
388,1991-05-01,27028.0,5,1991-05
389,1991-06-01,27137.0,6,1991-06
390,1991-07-01,27052.0,7,1991-07
391,1991-08-01,27082.0,8,1991-08
392,1991-09-01,27124.0,9,1991-09
393,1991-10-01,27134.0,10,1991-10
394,1991-11-01,27149.0,11,1991-11
395,1991-12-01,27371.0,12,1991-12
396,1992-01-01,27617.0,1,1992-01
397,1992-02-01,27718.0,2,1992-02
398,1992-03-01,27718.0,3,1992-03
399,1992-04-01,27770.0,4,1992-04
400,1992-05-01,27871.0,5,1992-05
401,1992-06-01,27957.0,6,1992-06
402,1992-07-01,27904.0,7,1992-07
403,1992-08-01,27968.0,8,1992-08
404,1992-09-01,27805.0,9,1992-09
405,1992-10-01,27595.0,10,1992-10
406,1992-11-01,27608.0,11,1992-11
407,1992-12-01,28562.0,12,1992-12
408,1993-01-01,27912.0,1,1993-01
409,1993-02-01,28018.0,2,1993-02
410,1993-03-01,27904.0,3,1993-03
411,1993-04-01,28021.0,4,1993-04
412,1993-05-01,27951.0,5,1993-05
413,1993-06-01,27868.0,6,1993-06
414,1993-07-01,27906.0,7,1993-07
415,1993-08-01,27914.0,8,1993-08
416,1993-09-01,27806.0,9,1993-09
417,1993-10-01,27641.0,10,1993-10
418,1993-11-01,27690.0,11,1993-11
419,1993-12-01,28607.0,12,1993-12
420,1994-01-01,28047.0,1,1994-01
421,1994-02-01,28077.0,2,1994-02
422,1994-03-01,28143.0,3,1994-03
423,1994-04-01,28116.0,4,1994-04
424,1994-05-01,28412.0,5,1994-05
425,1994-06-01,28337.0,6,1994-06
426,1994-07-01,28330.0,7,1994-07
427,1994-08-01,28332.0,8,1994-08
428,1994-09-01,28424.0,9,1994-09
429,1994-10-01,28665.0,10,1994-10
430,1994-11-01,28637.0,11,1994-11
431,1994-12-01,28741.0,12,1994-12
432,1995-01-01,28809.0,1,1995-01
433,1995-02-01,28842.0,2,1995-02
434,1995-03-01,28896.0,3,1995-03
435,1995-04-01,28655.0,4,1995-04
436,1995-05-01,28917.0,5,1995-05
437,1995-06-01,28974.0,6,1995-06
438,1995-07-01,29008.0,7,1995-07
439,1995-08-01,28995.0,8,1995-08
440,1995-09-01,29056.0,9,1995-09
441,1995-10-01,29059.0,10,1995-10
442,1995-11-01,29112.0,11,1995-11
443,1995-12-01,29128.0,12,1995-12
444,1996-01-01,29145.0,1,1996-01
445,1996-02-01,29347.0,2,1996-02
446,1996-03-01,29415.0,3,1996-03
447,1996-04-01,29210.0,4,1996-04
448,1996-05-01,29551.0,5,1996-05
449,1996-06-01,29699.0,6,1996-06
450,1996-07-01,29589.0,7,1996-07
451,1996-08-01,29631.0,8,1996-08
452,1996-09-01,29668.0,9,1996-09
453,1996-10-01,29633.0,10,1996-10
454,1996-11-01,29684.0,11,1996-11
455,1996-12-01,29759.0,12,1996-12
456,1997-01-01,29819.0,1,1997-01
457,1997-02-01,29877.0,2,1997-02
458,1997-03-01,29991.0,3,1997-03
459,1997-04-01,29985.0,4,1997-04
460,1997-05-01,30087.0,5,1997-05
461,1997-06-01,30152.0,6,1997-06
462,1997-07-01,30232.0,7,1997-07
463,1997-08-01,30353.0,8,1997-08
464,1997-09-01,30399.0,9,1997-09
465,1997-10-01,30517.0,10,1997-10
466,1997-11-01,30685.0,11,1997-11
467,1997-12-01,30834.0,12,1997-12
468,1998-01-01,31078.0,1,1998-01
469,1998-02-01,31251.0,2,1998-02
470,1998-03-01,31404.0,3,1998-03
471,1998-04-01,31473.0,4,1998-04
472,1998-05-01,31571.0,5,1998-05
473,1998-06-01,31718.0,6,1998-06
474,1998-07-01,31741.0,7,1998-07
475,1998-08-01,31809.0,8,1998-08
476,1998-09-01,31869.0,9,1998-09
477,1998-10-01,31883.0,10,1998-10
478,1998-11-01,31985.0,11,1998-11
479,1998-12-01,32017.0,12,1998-12
480,1999-01-01,32111.0,1,1999-01
481,1999-02-01,32195.0,2,1999-02
482,1999-03-01,32201.0,3,1999-03
483,1999-04-01,32109.0,4,1999-04
484,1999-05-01,32138.0,5,1999-05
485,1999-06-01,32214.0,6,1999-06
486,1999-07-01,32216.0,7,1999-07
487,1999-08-01,32325.0,8,1999-08
488,1999-09-01,32270.0,9,1999-09
489,1999-10-01,32442.0,10,1999-10
490,1999-11-01,32646.0,11,1999-11
491,1999-12-01,32882.0,12,1999-12
492,2000-01-01,33112.0,1,2000-01
493,2000-02-01,33212.0,2,2000-02
494,2000-03-01,33270.0,3,2000-03
495,2000-04-01,33396.0,4,2000-04
496,2000-05-01,33498.0,5,2000-05
497,2000-06-01,33551.0,6,2000-06
498,2000-07-01,33687.0,7,2000-07
499,2000-08-01,33839.0,8,2000-08
500,2000-09-01,33811.0,9,2000-09
501,2000-10-01,33828.0,10,2000-10
502,2000-11-01,33786.0,11,2000-11
503,2000-12-01,33816.0,12,2000-12
504,2001-01-01,33990.0,1,2001-01
505,2001-02-01,34024.0,2,2001-02
506,2001-03-01,34100.0,3,2001-03
507,2001-04-01,33980.0,4,2001-04
508,2001-05-01,33873.0,5,2001-05
509,2001-06-01,33845.0,6,2001-06
510,2001-07-01,34314.0,7,2001-07
511,2001-08-01,34872.0,8,2001-08
512,2001-09-01,34586.0,9,2001-09
513,2001-10-01,34019.0,10,2001-10
514,2001-11-01,34068.0,11,2001-11
515,2001-12-01,34113.0,12,2001-12
516,2002-01-01,34764.0,1,2002-01
517,2002-02-01,34769.0,2,2002-02
518,2002-03-01,34743.0,3,2002-03
519,2002-04-01,34841.0,4,2002-04
520,2002-05-01,34930.0,5,2002-05
521,2002-06-01,34978.0,6,2002-06
522,2002-07-01,34837.0,7,2002-07
523,2002-08-01,34786.0,8,2002-08
524,2002-09-01,34770.0,9,2002-09
525,2002-10-01,34837.0,10,2002-10
526,2002-11-01,34914.0,11,2002-11
527,2002-12-01,35006.0,12,2002-12
528,2003-01-01,34983.0,1,2003-01
529,2003-02-01,34869.0,2,2003-02
530,2003-03-01,34933.0,3,2003-03
531,2003-04-01,35090.0,4,2003-04
532,2003-05-01,35331.0,5,2003-05
533,2003-06-01,35406.0,6,2003-06
534,2003-07-01,35802.0,7,2003-07
535,2003-08-01,36006.0,8,2003-08
536,2003-09-01,35542.0,9,2003-09
537,2003-10-01,35650.0,10,2003-10
538,2003-11-01,35849.0,11,2003-11
539,2003-12-01,35875.0,12,2003-12
540,2004-01-01,35819.0,1,2004-01
541,2004-02-01,35859.0,2,2004-02
542,2004-03-01,35981.0,3,2004-03
543,2004-04-01,36105.0,4,2004-04
544,2004-05-01,36274.0,5,2004-05
545,2004-06-01,36276.0,6,2004-06
546,2004-07-01,36320.0,7,2004-07
547,2004-08-01,36394.0,8,2004-08
548,2004-09-01,36381.0,9,2004-09
549,2004-10-01,36374.0,10,2004-10
550,2004-11-01,36252.0,11,2004-11
551,2004-12-01,37570.0,12,2004-12
552,2005-01-01,36196.0,1,2005-01
553,2005-02-01,36188.0,2,2005-02
554,2005-03-01,36293.0,3,2005-03
555,2005-04-01,36382.0,4,2005-04
556,2005-05-01,36521.0,5,2005-05
557,2005-06-01,36571.0,6,2005-06
558,2005-07-01,36549.0,7,2005-07
559,2005-08-01,36563.0,8,2005-08
560,2005-09-01,36406.0,9,2005-09
561,2005-10-01,36642.0,10,2005-10
562,2005-11-01,36918.0,11,2005-11
563,2005-12-01,37084.0,12,2005-12
564,2006-01-01,37432.0,1,2006-01
565,2006-02-01,37537.0,2,2006-02
566,2006-03-01,37579.0,3,2006-03
567,2006-04-01,37533.0,4,2006-04
568,2006-05-01,37488.0,5,2006-05
569,2006-06-01,37548.0,6,2006-06
570,2006-07-01,37485.0,7,2006-07
571,2006-08-01,37440.0,8,2006-08
572,2006-09-01,37644.0,9,2006-09
573,2006-10-01,37804.0,10,2006-10
574,2006-11-01,37921.0,11,2006-11
575,2006-12-01,38038.0,12,2006-12
576,2007-01-01,38046.0,1,2007-01
577,2007-02-01,38164.0,2,2007-02
578,2007-03-01,38268.0,3,2007-03
579,2007-04-01,38237.0,4,2007-04
580,2007-05-01,38184.0,5,2007-05
581,2007-06-01,38093.0,6,2007-06
582,2007-07-01,38093.0,7,2007-07
583,2007-08-01,38086.0,8,2007-08
584,2007-09-01,38143.0,9,2007-09
585,2007-10-01,38050.0,10,2007-10
586,2007-11-01,37975.0,11,2007-11
587,2007-12-01,38084.0,12,2007-12
588,2008-01-01,38095.0,1,2008-01
589,2008-02-01,38061.0,2,2008-02
590,2008-03-01,38019.0,3,2008-03
591,2008-04-01,37839.0,4,2008-04
592,2008-05-01,39623.0,5,2008-05
593,2008-06-01,38544.0,6,2008-06
594,2008-07-01,37906.0,7,2008-07
595,2008-08-01,37658.0,8,2008-08
596,2008-09-01,37731.0,9,2008-09
597,2008-10-01,37906.0,10,2008-10
598,2008-11-01,38165.0,11,2008-11
599,2008-12-01,37948.0,12,2008-12
600,2009-01-01,38056.0,1,2009-01
601,2009-02-01,37639.0,2,2009-02
602,2009-03-01,37603.0,3,2009-03
603,2009-04-01,37915.0,4,2009-04
604,2009-05-01,38515.0,5,2009-05
605,2009-06-01,37851.0,6,2009-06
606,2009-07-01,37647.0,7,2009-07
607,2009-08-01,37521.0,8,2009-08
608,2009-09-01,37560.0,9,2009-09
609,2009-10-01,37369.0,10,2009-10
610,2009-11-01,37445.0,11,2009-11
611,2009-12-01,37625.0,12,2009-12
612,2010-01-01,37603.0,1,2010-01
613,2010-02-01,37572.0,2,2010-02
614,2010-03-01,37671.0,3,2010-03
615,2010-04-01,37962.0,4,2010-04
616,2010-05-01,38246.0,5,2010-05
617,2010-06-01,38290.0,6,2010-06
618,2010-07-01,38328.0,7,2010-07
619,2010-08-01,38413.0,8,2010-08
620,2010-09-01,38348.0,9,2010-09
621,2010-10-01,38378.0,10,2010-10
622,2010-11-01,38439.0,11,2010-11
623,2010-12-01,38688.0,12,2010-12
624,2011-01-01,38827.0,1,2011-01
625,2011-02-01,38903.0,2,2011-02
626,2011-03-01,38765.0,3,2011-03
627,2011-04-01,38672.0,4,2011-04
628,2011-05-01,38611.0,5,2011-05
629,2011-06-01,38768.0,6,2011-06
630,2011-07-01,38855.0,7,2011-07
631,2011-08-01,38786.0,8,2011-08
632,2011-09-01,38689.0,9,2011-09
633,2011-10-01,38734.0,10,2011-10
634,2011-11-01,38704.0,11,2011-11
635,2011-12-01,39032.0,12,2011-12
636,2012-01-01,39302.0,1,2012-01
637,2012-02-01,39520.0,2,2012-02
638,2012-03-01,39639.0,3,2012-03
639,2012-04-01,39771.0,4,2012-04
640,2012-05-01,39782.0,5,2012-05
641,2012-06-01,39794.0,6,2012-06
642,2012-07-01,39487.0,7,2012-07
643,2012-08-01,39309.0,8,2012-08
644,2012-09-01,39472.0,9,2012-09
645,2012-10-01,39745.0,10,2012-10
646,2012-11-01,40282.0,11,2012-11
647,2012-12-01,41286.0,12,2012-12
648,2013-01-01,38891.0,1,2013-01
649,2013-02-01,38679.0,2,2013-02
650,2013-03-01,38720.0,3,2013-03
651,2013-04-01,38853.0,4,2013-04
652,2013-05-01,39054.0,5,2013-05
653,2013-06-01,39071.0,6,2013-06
654,2013-07-01,39004.0,7,2013-07
655,2013-08-01,39063.0,8,2013-08
656,2013-09-01,39194.0,9,2013-09
657,2013-10-01,39064.0,10,2013-10
658,2013-11-01,39165.0,11,2013-11
659,2013-12-01,39265.0,12,2013-12
660,2014-01-01,39432.0,1,2014-01
661,2014-02-01,39655.0,2,2014-02
662,2014-03-01,39851.0,3,2014-03
663,2014-04-01,39979.0,4,2014-04
664,2014-05-01,40108.0,5,2014-05
665,2014-06-01,40269.0,6,2014-06
666,2014-07-01,40367.0,7,2014-07
667,2014-08-01,40528.0,8,2014-08
668,2014-09-01,40624.0,9,2014-09
669,2014-10-01,40769.0,10,2014-10
670,2014-11-01,40941.0,11,2014-11
671,2014-12-01,41171.0,12,2014-12
672,2015-01-01,41456.0,1,2015-01
673,2015-02-01,41596.0,2,2015-02
674,2015-03-01,41457.0,3,2015-03
675,2015-04-01,41517.0,4,2015-04
676,2015-05-01,41565.0,5,2015-05
677,2015-06-01,41581.0,6,2015-06
678,2015-07-01,41678.0,7,2015-07
679,2015-08-01,41759.0,8,2015-08
680,2015-09-01,41845.0,9,2015-09
681,2015-10-01,41889.0,10,2015-10
682,2015-11-01,41847.0,11,2015-11
683,2015-12-01,42018.0,12,2015-12
684,2016-01-01,42149.0,1,2016-01
685,2016-02-01,42177.0,2,2016-02
686,2016-03-01,42189.0,3,2016-03
687,2016-04-01,42107.0,4,2016-04
688,2016-05-01,42064.0,5,2016-05
689,2016-06-01,42058.0,6,2016-06
690,2016-07-01,42163.0,7,2016-07
691,2016-08-01,42166.0,8,2016-08
692,2016-09-01,42263.0,9,2016-09
693,2016-10-01,42326.0,10,2016-10
694,2016-11-01,42388.0,11,2016-11
695,2016-12-01,42440.0,12,2016-12
696,2017-01-01,42622.0,1,2017-01
697,2017-02-01,42759.0,2,2017-02
698,2017-03-01,42947.0,3,2017-03
699,2017-04-01,43004.0,4,2017-04
700,2017-05-01,43268.0,5,2017-05
701,2017-06-01,43257.0,6,2017-06
702,2017-07-01,43355.0,7,2017-07
703,2017-08-01,43391.0,8,2017-08
704,2017-09-01,43452.0,9,2017-09
705,2017-10-01,43545.0,10,2017-10
706,2017-11-01,43571.0,11,2017-11
707,2017-12-01,43628.0,12,2017-12
708,2018-01-01,43967.0,1,2018-01
709,2018-02-01,44065.0,2,2018-02
710,2018-03-01,44229.0,3,2018-03
711,2018-04-01,44314.0,4,2018-04
712,2018-05-01,44421.0,5,2018-05
713,2018-06-01,44538.0,6,2018-06
714,2018-07-01,44678.0,7,2018-07
715,2018-08-01,44777.0,8,2018-08
716,2018-09-01,44720.0,9,2018-09
717,2018-10-01,44799.0,10,2018-10
718,2018-11-01,44837.0,11,2018-11
719,2018-12-01,45274.0,12,2018-12
720,2019-01-01,45271.0,1,2019-01
721,2019-02-01,45328.0,2,2019-02
722,2019-03-01,45288.0,3,2019-03
723,2019-04-01,45155.0,4,2019-04
724,2019-05-01,45114.0,5,2019-05
725,2019-06-01,45148.0,6,2019-06
726,2019-07-01,45168.0,7,2019-07
727,2019-08-01,45364.0,8,2019-08
728,2019-09-01,45405.0,9,2019-09
729,2019-10-01,45391.0,10,2019-10
730,2019-11-01,45558.0,11,2019-11
731,2019-12-01,45428.0,12,2019-12
732,2020-01-01,45747.0,1,2020-01
733,2020-02-01,46013.0,2,2020-02
734,2020-03-01,45351.0,3,2020-03
735,2020-04-01,52339.0,4,2020-04
736,2020-05-01,49707.0,5,2020-05
737,2020-06-01,48693.0,6,2020-06
738,2020-07-01,48651.0,7,2020-07
739,2020-08-01,46925.0,8,2020-08
