Date,Unemployment Value ,US Dollar Index 
2013-01-01,8.0,79.77
2013-01-02,8.0,79.84
2013-01-03,8.0,80.38
2013-01-04,8.0,80.5
2013-01-05,8.0,80.5
2013-01-06,8.0,80.5
2013-01-07,8.0,80.26
2013-01-08,8.0,80.34
2013-01-09,8.0,80.56
2013-01-10,8.0,79.74
2013-01-11,8.0,79.56
2013-01-12,8.0,79.56
2013-01-13,8.0,79.56
2013-01-14,8.0,79.49
2013-01-15,8.0,79.78
2013-01-16,8.0,79.8
2013-01-17,8.0,79.65
2013-01-18,8.0,80.04
2013-01-19,8.0,80.04
2013-01-20,8.0,80.04
2013-01-21,8.0,80.04
2013-01-22,8.0,79.87
2013-01-23,8.0,79.92
2013-01-24,8.0,79.95
2013-01-25,8.0,79.75
2013-01-26,8.0,79.75
2013-01-27,8.0,79.75
2013-01-28,8.0,79.75
2013-01-29,8.0,79.56
2013-01-30,8.0,79.28
2013-01-31,8.0,79.21
2013-02-01,7.7,79.21
2013-02-02,7.7,79.21
2013-02-03,7.7,79.21
2013-02-04,7.7,79.55
2013-02-05,7.7,79.49
2013-02-06,7.7,79.72
2013-02-07,7.7,80.19
2013-02-08,7.7,80.21
2013-02-09,7.7,80.21
2013-02-10,7.7,80.21
2013-02-11,7.7,80.31
2013-02-12,7.7,80.11
2013-02-13,7.7,80.09
2013-02-14,7.7,80.46
2013-02-15,7.7,80.58
2013-02-16,7.7,80.58
2013-02-17,7.7,80.58
2013-02-18,7.7,80.58
2013-02-19,7.7,80.47
2013-02-20,7.7,81.07
2013-02-21,7.7,81.46
2013-02-22,7.7,81.46
2013-02-23,7.7,81.46
2013-02-24,7.7,81.46
2013-02-25,7.7,81.67
2013-02-26,7.7,81.87
2013-02-27,7.7,81.6
2013-02-28,7.7,81.95
2013-03-01,7.5,82.28
2013-03-02,7.5,82.28
2013-03-03,7.5,82.28
2013-03-04,7.5,82.19
2013-03-05,7.5,82.09
2013-03-06,7.5,82.46
2013-03-07,7.5,82.08
2013-03-08,7.5,82.72
2013-03-09,7.5,82.72
2013-03-10,7.5,82.72
2013-03-11,7.5,82.57
2013-03-12,7.5,82.58
2013-03-13,7.5,82.89
2013-03-14,7.5,82.61
2013-03-15,7.5,82.13
2013-03-16,7.5,82.13
2013-03-17,7.5,82.13
2013-03-18,7.5,82.69
2013-03-19,7.5,82.99
2013-03-20,7.5,82.78
2013-03-21,7.5,82.74
2013-03-22,7.5,82.53
2013-03-23,7.5,82.53
2013-03-24,7.5,82.53
2013-03-25,7.5,82.83
2013-03-26,7.5,82.88
2013-03-27,7.5,83.22
2013-03-28,7.5,82.99
2013-03-29,7.5,83.22
2013-03-30,7.5,83.22
2013-03-31,7.5,83.22
2013-04-01,7.6,82.73
2013-04-02,7.6,82.92
2013-04-03,7.6,82.72
2013-04-04,7.6,82.68
2013-04-05,7.6,82.5
2013-04-06,7.6,82.5
2013-04-07,7.6,82.5
2013-04-08,7.6,82.75
2013-04-09,7.6,82.31
2013-04-10,7.6,82.53
2013-04-11,7.6,82.25
2013-04-12,7.6,82.13
2013-04-13,7.6,82.13
2013-04-14,7.6,82.13
2013-04-15,7.6,82.42
2013-04-16,7.6,81.75
2013-04-17,7.6,82.68
2013-04-18,7.6,82.56
2013-04-19,7.6,82.71
2013-04-20,7.6,82.71
2013-04-21,7.6,82.71
2013-04-22,7.6,82.68
2013-04-23,7.6,83.05
2013-04-24,7.6,83.05
2013-04-25,7.6,82.74
2013-04-26,7.6,82.47
2013-04-27,7.6,82.47
2013-04-28,7.6,82.47
2013-04-29,7.6,82.15
2013-04-30,7.6,81.75
2013-05-01,7.5,81.48
2013-05-02,7.5,82.22
2013-05-03,7.5,82.1
2013-05-04,7.5,82.1
2013-05-05,7.5,82.1
2013-05-06,7.5,82.31
2013-05-07,7.5,82.25
2013-05-08,7.5,81.9
2013-05-09,7.5,82.79
2013-05-10,7.5,83.14
2013-05-11,7.5,83.14
2013-05-12,7.5,83.14
2013-05-13,7.5,83.28
2013-05-14,7.5,83.59
2013-05-15,7.5,83.83
2013-05-16,7.5,83.59
2013-05-17,7.5,84.25
2013-05-18,7.5,84.25
2013-05-19,7.5,84.25
2013-05-20,7.5,83.74
2013-05-21,7.5,83.86
2013-05-22,7.5,84.35
2013-05-23,7.5,83.8
2013-05-24,7.5,83.7
2013-05-25,7.5,83.7
2013-05-26,7.5,83.7
2013-05-27,7.5,83.7
2013-05-28,7.5,84.1
2013-05-29,7.5,83.66
2013-05-30,7.5,83.04
2013-05-31,7.5,83.26
2013-06-01,7.5,83.26
2013-06-02,7.5,83.26
2013-06-03,7.5,82.66
2013-06-04,7.5,82.77
2013-06-05,7.5,82.59
2013-06-06,7.5,81.54
2013-06-07,7.5,81.67
2013-06-08,7.5,81.67
2013-06-09,7.5,81.67
2013-06-10,7.5,81.65
2013-06-11,7.5,81.11
2013-06-12,7.5,80.95
2013-06-13,7.5,80.75
2013-06-14,7.5,80.62
2013-06-15,7.5,80.62
2013-06-16,7.5,80.62
2013-06-17,7.5,80.79
2013-06-18,7.5,80.61
2013-06-19,7.5,81.43
2013-06-20,7.5,81.92
2013-06-21,7.5,82.41
2013-06-22,7.5,82.41
2013-06-23,7.5,82.41
2013-06-24,7.5,82.42
2013-06-25,7.5,82.58
2013-06-26,7.5,82.98
2013-06-27,7.5,82.9
2013-06-28,7.5,83.14
2013-06-29,7.5,83.14
2013-06-30,7.5,83.14
2013-07-01,7.3,83.05
2013-07-02,7.3,83.54
2013-07-03,7.3,83.23
2013-07-04,7.3,83.23
2013-07-05,7.3,84.44
2013-07-06,7.3,84.44
2013-07-07,7.3,84.44
2013-07-08,7.3,84.19
2013-07-09,7.3,84.58
2013-07-10,7.3,84.04
2013-07-11,7.3,82.75
2013-07-12,7.3,82.99
2013-07-13,7.3,82.99
2013-07-14,7.3,82.99
2013-07-15,7.3,83.04
2013-07-16,7.3,82.5
2013-07-17,7.3,82.71
2013-07-18,7.3,82.82
2013-07-19,7.3,82.62
2013-07-20,7.3,82.62
2013-07-21,7.3,82.62
2013-07-22,7.3,82.22
2013-07-23,7.3,81.94
2013-07-24,7.3,82.29
2013-07-25,7.3,81.97
2013-07-26,7.3,81.66
2013-07-27,7.3,81.66
2013-07-28,7.3,81.66
2013-07-29,7.3,81.66
2013-07-30,7.3,81.83
2013-07-31,7.3,81.45
2013-08-01,7.2,82.34
2013-08-02,7.2,81.91
2013-08-03,7.2,81.91
2013-08-04,7.2,81.91
2013-08-05,7.2,81.88
2013-08-06,7.2,81.6
2013-08-07,7.2,81.29
2013-08-08,7.2,80.98
2013-08-09,7.2,81.13
2013-08-10,7.2,81.13
2013-08-11,7.2,81.13
2013-08-12,7.2,81.33
2013-08-13,7.2,81.77
2013-08-14,7.2,81.71
2013-08-15,7.2,81.18
2013-08-16,7.2,81.26
2013-08-17,7.2,81.26
2013-08-18,7.2,81.26
2013-08-19,7.2,81.23
2013-08-20,7.2,80.91
2013-08-21,7.2,81.21
2013-08-22,7.2,81.49
2013-08-23,7.2,81.36
2013-08-24,7.2,81.36
2013-08-25,7.2,81.36
2013-08-26,7.2,81.41
2013-08-27,7.2,81.17
2013-08-28,7.2,81.43
2013-08-29,7.2,81.95
2013-08-30,7.2,82.09
2013-08-31,7.2,82.09
2013-09-01,7.2,82.09
2013-09-02,7.2,82.09
2013-09-03,7.2,82.36
2013-09-04,7.2,82.17
2013-09-05,7.2,82.63
2013-09-06,7.2,82.15
2013-09-07,7.2,82.15
2013-09-08,7.2,82.15
2013-09-09,7.2,81.79
2013-09-10,7.2,81.82
2013-09-11,7.2,81.52
2013-09-12,7.2,81.49
2013-09-13,7.2,81.45
2013-09-14,7.2,81.45
2013-09-15,7.2,81.45
2013-09-16,7.2,81.3
2013-09-17,7.2,81.14
2013-09-18,7.2,80.24
2013-09-19,7.2,80.37
2013-09-20,7.2,80.43
2013-09-21,7.2,80.43
2013-09-22,7.2,80.43
2013-09-23,7.2,80.45
2013-09-24,7.2,80.56
2013-09-25,7.2,80.33
2013-09-26,7.2,80.52
2013-09-27,7.2,80.29
2013-09-28,7.2,80.29
2013-09-29,7.2,80.29
2013-09-30,7.2,80.22
2013-10-01,7.2,80.14
2013-10-02,7.2,79.9
2013-10-03,7.2,79.75
2013-10-04,7.2,80.13
2013-10-05,7.2,80.13
2013-10-06,7.2,80.13
2013-10-07,7.2,79.94
2013-10-08,7.2,80.06
2013-10-09,7.2,80.38
2013-10-10,7.2,80.42
2013-10-11,7.2,80.41
2013-10-12,7.2,80.41
2013-10-13,7.2,80.41
2013-10-14,7.2,80.26
2013-10-15,7.2,80.48
2013-10-16,7.2,80.47
2013-10-17,7.2,79.65
2013-10-18,7.2,79.65
2013-10-19,7.2,79.65
2013-10-20,7.2,79.65
2013-10-21,7.2,79.69
2013-10-22,7.2,79.23
2013-10-23,7.2,79.26
2013-10-24,7.2,79.19
2013-10-25,7.2,79.19
2013-10-26,7.2,79.19
2013-10-27,7.2,79.19
2013-10-28,7.2,79.25
2013-10-29,7.2,79.61
2013-10-30,7.2,79.78
2013-10-31,7.2,80.19
2013-11-01,6.9,80.72
2013-11-02,6.9,80.72
2013-11-03,6.9,80.72
2013-11-04,6.9,80.55
2013-11-05,6.9,80.71
2013-11-06,6.9,80.48
2013-11-07,6.9,80.84
2013-11-08,6.9,81.3
2013-11-09,6.9,81.3
2013-11-10,6.9,81.3
2013-11-11,6.9,81.09
2013-11-12,6.9,81.19
2013-11-13,6.9,80.93
2013-11-14,6.9,81.02
2013-11-15,6.9,80.85
2013-11-16,6.9,80.85
2013-11-17,6.9,80.85
2013-11-18,6.9,80.83
2013-11-19,6.9,80.7
2013-11-20,6.9,81.11
2013-11-21,6.9,81.07
2013-11-22,6.9,80.71
2013-11-23,6.9,80.71
2013-11-24,6.9,80.71
2013-11-25,6.9,80.92
2013-11-26,6.9,80.61
2013-11-27,6.9,80.72
2013-11-28,6.9,80.72
2013-11-29,6.9,80.68
2013-11-30,6.9,80.68
2013-12-01,6.7,80.68
2013-12-02,6.7,80.92
2013-12-03,6.7,80.92
2013-12-04,6.7,80.62
2013-12-05,6.7,80.23
2013-12-06,6.7,80.31
2013-12-07,6.7,80.31
2013-12-08,6.7,80.31
2013-12-09,6.7,80.13
2013-12-10,6.7,79.97
2013-12-11,6.7,79.89
2013-12-12,6.7,80.21
2013-12-13,6.7,80.21
2013-12-14,6.7,80.21
2013-12-15,6.7,80.21
2013-12-16,6.7,80.07
2013-12-17,6.7,80.06
2013-12-18,6.7,80.11
2013-12-19,6.7,80.63
2013-12-20,6.7,80.58
2013-12-21,6.7,80.58
2013-12-22,6.7,80.58
2013-12-23,6.7,80.45
2013-12-24,6.7,80.45
2013-12-25,6.7,80.45
2013-12-26,6.7,80.48
2013-12-27,6.7,80.39
2013-12-28,6.7,80.39
2013-12-29,6.7,80.39
2013-12-30,6.7,80
2013-12-31,6.7,80.03
2014-01-01,6.6,80.03
2014-01-02,6.6,80.63
2014-01-03,6.6,80.79
2014-01-04,6.6,80.79
2014-01-05,6.6,80.79
2014-01-06,6.6,80.65
2014-01-07,6.6,80.83
2014-01-08,6.6,81.02
2014-01-09,6.6,81
2014-01-10,6.6,80.66
2014-01-11,6.6,80.66
2014-01-12,6.6,80.66
2014-01-13,6.6,80.51
2014-01-14,6.6,80.66
2014-01-15,6.6,81.03
2014-01-16,6.6,80.91
2014-01-17,6.6,81.22
2014-01-18,6.6,81.22
2014-01-19,6.6,81.22
2014-01-20,6.6,81.22
2014-01-21,6.6,81.1
2014-01-22,6.6,81.17
2014-01-23,6.6,80.44
2014-01-24,6.6,80.46
2014-01-25,6.6,80.46
2014-01-26,6.6,80.46
2014-01-27,6.6,80.52
2014-01-28,6.6,80.57
2014-01-29,6.6,80.5
2014-01-30,6.6,81.08
2014-01-31,6.6,81.31
2014-02-01,6.7,81.31
2014-02-02,6.7,81.31
2014-02-03,6.7,81.01
2014-02-04,6.7,81.12
2014-02-05,6.7,81.04
2014-02-06,6.7,80.91
2014-02-07,6.7,80.69
2014-02-08,6.7,80.69
2014-02-09,6.7,80.69
2014-02-10,6.7,80.64
2014-02-11,6.7,80.64
2014-02-12,6.7,80.68
2014-02-13,6.7,80.32
2014-02-14,6.7,80.15
2014-02-15,6.7,80.15
2014-02-16,6.7,80.15
2014-02-17,6.7,80.14
2014-02-18,6.7,80.01
2014-02-19,6.7,80.14
2014-02-20,6.7,80.29
2014-02-21,6.7,80.24
2014-02-22,6.7,80.24
2014-02-23,6.7,80.24
2014-02-24,6.7,80.2
2014-02-25,6.7,80.14
2014-02-26,6.7,80.43
2014-02-27,6.7,80.28
2014-02-28,6.7,79.69
2014-03-01,6.7,79.69
2014-03-02,6.7,79.69
2014-03-03,6.7,80.08
2014-03-04,6.7,80.17
2014-03-05,6.7,80.11
2014-03-06,6.7,79.66
2014-03-07,6.7,79.72
2014-03-08,6.7,79.72
2014-03-09,6.7,79.72
2014-03-10,6.7,79.77
2014-03-11,6.7,79.74
2014-03-12,6.7,79.61
2014-03-13,6.7,79.62
2014-03-14,6.7,79.45
2014-03-15,6.7,79.45
2014-03-16,6.7,79.45
2014-03-17,6.7,79.39
2014-03-18,6.7,79.41
2014-03-19,6.7,80
2014-03-20,6.7,80.19
2014-03-21,6.7,80.11
2014-03-22,6.7,80.11
2014-03-23,6.7,80.11
2014-03-24,6.7,79.93
2014-03-25,6.7,79.94
2014-03-26,6.7,80.03
2014-03-27,6.7,80.11
2014-03-28,6.7,80.18
2014-03-29,6.7,80.18
2014-03-30,6.7,80.18
2014-03-31,6.7,80.1
2014-04-01,6.2,80.09
2014-04-02,6.2,80.22
2014-04-03,6.2,80.47
2014-04-04,6.2,80.42
2014-04-05,6.2,80.42
2014-04-06,6.2,80.42
2014-04-07,6.2,80.23
2014-04-08,6.2,79.75
2014-04-09,6.2,79.48
2014-04-10,6.2,79.38
2014-04-11,6.2,79.45
2014-04-12,6.2,79.45
2014-04-13,6.2,79.45
2014-04-14,6.2,79.73
2014-04-15,6.2,79.8
2014-04-16,6.2,79.8
2014-04-17,6.2,79.83
2014-04-18,6.2,79.83
2014-04-19,6.2,79.83
2014-04-20,6.2,79.83
2014-04-21,6.2,79.94
2014-04-22,6.2,79.91
2014-04-23,6.2,79.86
2014-04-24,6.2,79.8
2014-04-25,6.2,79.75
2014-04-26,6.2,79.75
2014-04-27,6.2,79.75
2014-04-28,6.2,79.68
2014-04-29,6.2,79.81
2014-04-30,6.2,79.47
2014-05-01,6.3,79.53
2014-05-02,6.3,79.52
2014-05-03,6.3,79.52
2014-05-04,6.3,79.52
2014-05-05,6.3,79.49
2014-05-06,6.3,79.09
2014-05-07,6.3,79.2
2014-05-08,6.3,79.36
2014-05-09,6.3,79.9
2014-05-10,6.3,79.9
2014-05-11,6.3,79.9
2014-05-12,6.3,79.9
2014-05-13,6.3,80.14
2014-05-14,6.3,80.07
2014-05-15,6.3,80
2014-05-16,6.3,80.04
2014-05-17,6.3,80.04
2014-05-18,6.3,80.04
2014-05-19,6.3,79.99
2014-05-20,6.3,80.04
2014-05-21,6.3,80.09
2014-05-22,6.3,80.25
2014-05-23,6.3,80.39
2014-05-24,6.3,80.39
2014-05-25,6.3,80.39
2014-05-26,6.3,80.39
2014-05-27,6.3,80.35
2014-05-28,6.3,80.57
2014-05-29,6.3,80.49
2014-05-30,6.3,80.37
2014-05-31,6.3,80.37
2014-06-01,6.1,80.37
2014-06-02,6.1,80.64
2014-06-03,6.1,80.55
2014-06-04,6.1,80.66
2014-06-05,6.1,80.37
2014-06-06,6.1,80.41
2014-06-07,6.1,80.41
2014-06-08,6.1,80.41
2014-06-09,6.1,80.65
2014-06-10,6.1,80.82
2014-06-11,6.1,80.77
2014-06-12,6.1,80.58
2014-06-13,6.1,80.58
2014-06-14,6.1,80.58
2014-06-15,6.1,80.58
2014-06-16,6.1,80.47
2014-06-17,6.1,80.63
2014-06-18,6.1,80.58
2014-06-19,6.1,80.32
2014-06-20,6.1,80.37
2014-06-21,6.1,80.37
2014-06-22,6.1,80.37
2014-06-23,6.1,80.27
2014-06-24,6.1,80.33
2014-06-25,6.1,80.22
2014-06-26,6.1,80.22
2014-06-27,6.1,80.02
2014-06-28,6.1,80.02
2014-06-29,6.1,80.02
2014-06-30,6.1,79.78
2014-07-01,6.2,79.81
2014-07-02,6.2,79.96
2014-07-03,6.2,80.21
2014-07-04,6.2,80.27
2014-07-05,6.2,80.27
2014-07-06,6.2,80.27
2014-07-07,6.2,80.22
2014-07-08,6.2,80.18
2014-07-09,6.2,79.99
2014-07-10,6.2,80.13
2014-07-11,6.2,80.19
2014-07-12,6.2,80.19
2014-07-13,6.2,80.19
2014-07-14,6.2,80.19
2014-07-15,6.2,80.39
2014-07-16,6.2,80.56
2014-07-17,6.2,80.5
2014-07-18,6.2,80.52
2014-07-19,6.2,80.52
2014-07-20,6.2,80.52
2014-07-21,6.2,80.56
2014-07-22,6.2,80.78
2014-07-23,6.2,80.82
2014-07-24,6.2,80.87
2014-07-25,6.2,81.03
2014-07-26,6.2,81.03
2014-07-27,6.2,81.03
2014-07-28,6.2,81.03
2014-07-29,6.2,81.21
2014-07-30,6.2,81.43
2014-07-31,6.2,81.46
2014-08-01,6.1,81.3
2014-08-02,6.1,81.3
2014-08-03,6.1,81.3
2014-08-04,6.1,81.33
2014-08-05,6.1,81.33
2014-08-06,6.1,81.44
2014-08-07,6.1,81.52
2014-08-08,6.1,81.45
2014-08-09,6.1,81.45
2014-08-10,6.1,81.45
2014-08-11,6.1,81.47
2014-08-12,6.1,81.5
2014-08-13,6.1,81.6
2014-08-14,6.1,81.59
2014-08-15,6.1,81.42
2014-08-16,6.1,81.42
2014-08-17,6.1,81.42
2014-08-18,6.1,81.58
2014-08-19,6.1,81.88
2014-08-20,6.1,82.23
2014-08-21,6.1,82.15
2014-08-22,6.1,82.34
2014-08-23,6.1,82.34
2014-08-24,6.1,82.34
2014-08-25,6.1,82.55
2014-08-26,6.1,82.65
2014-08-27,6.1,82.43
2014-08-28,6.1,82.48
2014-08-29,6.1,82.75
2014-08-30,6.1,82.75
2014-08-31,6.1,82.75
2014-09-01,5.9,82.75
2014-09-02,5.9,82.99
2014-09-03,5.9,82.86
2014-09-04,5.9,83.82
2014-09-05,5.9,83.74
2014-09-06,5.9,83.74
2014-09-07,5.9,83.74
2014-09-08,5.9,84.23
2014-09-09,5.9,84.28
2014-09-10,5.9,84.28
2014-09-11,5.9,84.3
2014-09-12,5.9,84.24
2014-09-13,5.9,84.24
2014-09-14,5.9,84.24
2014-09-15,5.9,84.26
2014-09-16,5.9,84.07
2014-09-17,5.9,84.34
2014-09-18,5.9,84.32
2014-09-19,5.9,84.73
2014-09-20,5.9,84.73
2014-09-21,5.9,84.73
2014-09-22,5.9,84.75
2014-09-23,5.9,84.66
2014-09-24,5.9,85.04
2014-09-25,5.9,85.19
2014-09-26,5.9,85.64
2014-09-27,5.9,85.64
2014-09-28,5.9,85.64
2014-09-29,5.9,85.59
2014-09-30,5.9,85.94
2014-10-01,5.7,85.97
2014-10-02,5.7,85.6
2014-10-03,5.7,86.69
2014-10-04,5.7,86.69
2014-10-05,5.7,86.69
2014-10-06,5.7,85.93
2014-10-07,5.7,85.67
2014-10-08,5.7,85.3
2014-10-09,5.7,85.52
2014-10-10,5.7,85.91
2014-10-11,5.7,85.91
2014-10-12,5.7,85.91
2014-10-13,5.7,85.53
2014-10-14,5.7,85.82
2014-10-15,5.7,85.15
2014-10-16,5.7,84.95
2014-10-17,5.7,85.11
2014-10-18,5.7,85.11
2014-10-19,5.7,85.11
2014-10-20,5.7,84.95
2014-10-21,5.7,85.3
2014-10-22,5.7,85.74
2014-10-23,5.7,85.84
2014-10-24,5.7,85.73
2014-10-25,5.7,85.73
2014-10-26,5.7,85.73
2014-10-27,5.7,85.5
2014-10-28,5.7,85.41
2014-10-29,5.7,85.95
2014-10-30,5.7,86.15
2014-10-31,5.7,86.92
2014-11-01,5.8,86.92
2014-11-02,5.8,86.92
2014-11-03,5.8,87.31
2014-11-04,5.8,86.98
2014-11-05,5.8,87.44
2014-11-06,5.8,88.01
2014-11-07,5.8,87.64
2014-11-08,5.8,87.64
2014-11-09,5.8,87.64
2014-11-10,5.8,87.81
2014-11-11,5.8,87.53
2014-11-12,5.8,87.82
2014-11-13,5.8,87.67
2014-11-14,5.8,87.53
2014-11-15,5.8,87.53
2014-11-16,5.8,87.53
2014-11-17,5.8,87.93
2014-11-18,5.8,87.58
2014-11-19,5.8,87.65
2014-11-20,5.8,87.59
2014-11-21,5.8,88.31
2014-11-22,5.8,88.31
2014-11-23,5.8,88.31
2014-11-24,5.8,88.15
2014-11-25,5.8,87.92
2014-11-26,5.8,87.61
2014-11-27,5.8,87.61
2014-11-28,5.8,88.36
2014-11-29,5.8,88.36
2014-11-30,5.8,88.36
2014-12-01,5.6,87.95
2014-12-02,5.6,88.65
2014-12-03,5.6,88.96
2014-12-04,5.6,88.7
2014-12-05,5.6,89.33
2014-12-06,5.6,89.33
2014-12-07,5.6,89.33
2014-12-08,5.6,89.04
2014-12-09,5.6,88.69
2014-12-10,5.6,88.27
2014-12-11,5.6,88.66
2014-12-12,5.6,88.36
2014-12-13,5.6,88.36
2014-12-14,5.6,88.36
2014-12-15,5.6,88.46
2014-12-16,5.6,88.12
2014-12-17,5.6,89.13
2014-12-18,5.6,89.23
2014-12-19,5.6,89.6
2014-12-20,5.6,89.6
2014-12-21,5.6,89.6
2014-12-22,5.6,89.77
2014-12-23,5.6,90.06
2014-12-24,5.6,89.97
2014-12-25,5.6,89.97
2014-12-26,5.6,90.03
2014-12-27,5.6,90.03
2014-12-28,5.6,90.03
2014-12-29,5.6,90.19
2014-12-30,5.6,89.99
2014-12-31,5.6,90.27
2015-01-01,5.7,90.27
2015-01-02,5.7,91.08
2015-01-03,5.7,91.08
2015-01-04,5.7,91.08
2015-01-05,5.7,91.38
2015-01-06,5.7,91.5
2015-01-07,5.7,91.89
2015-01-08,5.7,92.37
2015-01-09,5.7,91.94
2015-01-10,5.7,91.94
2015-01-11,5.7,91.94
2015-01-12,5.7,91.98
2015-01-13,5.7,92.31
2015-01-14,5.7,92.16
2015-01-15,5.7,92.35
2015-01-16,5.7,92.52
2015-01-17,5.7,92.52
2015-01-18,5.7,92.52
2015-01-19,5.7,92.52
2015-01-20,5.7,93.05
2015-01-21,5.7,92.9
2015-01-22,5.7,94.08
2015-01-23,5.7,94.76
2015-01-24,5.7,94.76
2015-01-25,5.7,94.76
2015-01-26,5.7,94.8
2015-01-27,5.7,94.02
2015-01-28,5.7,94.47
2015-01-29,5.7,94.78
2015-01-30,5.7,94.8
2015-01-31,5.7,94.8
2015-02-01,5.5,94.8
2015-02-02,5.5,94.5
2015-02-03,5.5,93.6
2015-02-04,5.5,93.99
2015-02-05,5.5,93.57
2015-02-06,5.5,95.85
2015-02-07,5.5,95.85
2015-02-08,5.5,95.85
2015-02-09,5.5,94.45
2015-02-10,5.5,94.76
2015-02-11,5.5,94.98
2015-02-12,5.5,94.09
2015-02-13,5.5,94.2
2015-02-14,5.5,94.2
2015-02-15,5.5,94.2
2015-02-16,5.5,94.2
2015-02-17,5.5,94.06
2015-02-18,5.5,94.2
2015-02-19,5.5,94.4
2015-02-20,5.5,94.34
2015-02-21,5.5,94.34
2015-02-22,5.5,94.34
2015-02-23,5.5,94.57
2015-02-24,5.5,94.49
2015-02-25,5.5,94.21
2015-02-26,5.5,95.29
2015-02-27,5.5,95.32
2015-02-28,5.5,95.32
2015-03-01,5.4,95.32
2015-03-02,5.4,95.46
2015-03-03,5.4,95.38
2015-03-04,5.4,95.97
2015-03-05,5.4,96.38
2015-03-06,5.4,97.61
2015-03-07,5.4,97.61
2015-03-08,5.4,97.61
2015-03-09,5.4,97.59
2015-03-10,5.4,98.62
2015-03-11,5.4,99.8
2015-03-12,5.4,99.44
2015-03-13,5.4,100.33
2015-03-14,5.4,100.33
2015-03-15,5.4,100.33
2015-03-16,5.4,99.6
2015-03-17,5.4,99.58
2015-03-18,5.4,98.55
2015-03-19,5.4,99.26
2015-03-20,5.4,97.91
2015-03-21,5.4,97.91
2015-03-22,5.4,97.91
2015-03-23,5.4,97.03
2015-03-24,5.4,97.19
2015-03-25,5.4,96.98
2015-03-26,5.4,97.44
2015-03-27,5.4,97.29
2015-03-28,5.4,97.29
2015-03-29,5.4,97.29
2015-03-30,5.4,97.97
2015-03-31,5.4,98.36
2015-04-01,5.4,98.19
2015-04-02,5.4,97.44
2015-04-03,5.4,96.55
2015-04-04,5.4,96.55
2015-04-05,5.4,96.55
2015-04-06,5.4,96.78
2015-04-07,5.4,97.83
2015-04-08,5.4,97.94
2015-04-09,5.4,99.16
2015-04-10,5.4,99.34
2015-04-11,5.4,99.34
2015-04-12,5.4,99.34
2015-04-13,5.4,99.49
2015-04-14,5.4,98.73
2015-04-15,5.4,98.32
2015-04-16,5.4,97.42
2015-04-17,5.4,97.52
2015-04-18,5.4,97.52
2015-04-19,5.4,97.52
2015-04-20,5.4,97.94
2015-04-21,5.4,98
2015-04-22,5.4,97.93
2015-04-23,5.4,97.28
2015-04-24,5.4,96.92
2015-04-25,5.4,96.92
2015-04-26,5.4,96.92
2015-04-27,5.4,96.77
2015-04-28,5.4,96.09
2015-04-29,5.4,95.21
2015-04-30,5.4,94.6
2015-05-01,5.6,95.3
2015-05-02,5.6,95.3
2015-05-03,5.6,95.3
2015-05-04,5.6,95.48
2015-05-05,5.6,95.08
2015-05-06,5.6,94.09
2015-05-07,5.6,94.64
2015-05-08,5.6,94.79
2015-05-09,5.6,94.79
2015-05-10,5.6,94.79
2015-05-11,5.6,95.01
2015-05-12,5.6,94.53
2015-05-13,5.6,93.62
2015-05-14,5.6,93.46
2015-05-15,5.6,93.14
2015-05-16,5.6,93.14
2015-05-17,5.6,93.14
2015-05-18,5.6,94.22
2015-05-19,5.6,95.27
2015-05-20,5.6,95.45
2015-05-21,5.6,95.25
2015-05-22,5.6,96.11
2015-05-23,5.6,96.11
2015-05-24,5.6,96.11
2015-05-25,5.6,96.01
2015-05-26,5.6,97.3
2015-05-27,5.6,97.37
2015-05-28,5.6,96.97
2015-05-29,5.6,96.91
2015-05-30,5.6,96.91
2015-05-31,5.6,96.91
2015-06-01,5.3,97.39
2015-06-02,5.3,95.83
2015-06-03,5.3,95.47
2015-06-04,5.3,95.46
2015-06-05,5.3,96.31
2015-06-06,5.3,96.31
2015-06-07,5.3,96.31
2015-06-08,5.3,95.3
2015-06-09,5.3,95.17
2015-06-10,5.3,94.65
2015-06-11,5.3,94.98
2015-06-12,5.3,94.97
2015-06-13,5.3,94.97
2015-06-14,5.3,94.97
2015-06-15,5.3,94.81
2015-06-16,5.3,95
2015-06-17,5.3,94.3
2015-06-18,5.3,94.04
2015-06-19,5.3,94.08
2015-06-20,5.3,94.08
2015-06-21,5.3,94.08
2015-06-22,5.3,94.33
2015-06-23,5.3,95.43
2015-06-24,5.3,95.26
2015-06-25,5.3,95.19
2015-06-26,5.3,95.47
2015-06-27,5.3,95.47
2015-06-28,5.3,95.47
2015-06-29,5.3,94.79
2015-06-30,5.3,95.48
2015-07-01,5.2,96.31
2015-07-02,5.2,96.11
2015-07-03,5.2,96.11
2015-07-04,5.2,96.11
2015-07-05,5.2,96.11
2015-07-06,5.2,96.3
2015-07-07,5.2,96.86
2015-07-08,5.2,96.29
2015-07-09,5.2,96.61
2015-07-10,5.2,96.03
2015-07-11,5.2,96.03
2015-07-12,5.2,96.03
2015-07-13,5.2,96.86
2015-07-14,5.2,96.64
2015-07-15,5.2,97.17
2015-07-16,5.2,97.67
2015-07-17,5.2,97.86
2015-07-18,5.2,97.86
2015-07-19,5.2,97.86
2015-07-20,5.2,98.03
2015-07-21,5.2,97.33
2015-07-22,5.2,97.6
2015-07-23,5.2,97.11
2015-07-24,5.2,97.24
2015-07-25,5.2,97.24
2015-07-26,5.2,97.24
2015-07-27,5.2,96.5
2015-07-28,5.2,96.77
2015-07-29,5.2,96.98
2015-07-30,5.2,97.56
2015-07-31,5.2,97.34
2015-08-01,5.1,97.34
2015-08-02,5.1,97.34
2015-08-03,5.1,97.49
2015-08-04,5.1,97.93
2015-08-05,5.1,97.96
2015-08-06,5.1,97.83
2015-08-07,5.1,97.56
2015-08-08,5.1,97.56
2015-08-09,5.1,97.56
2015-08-10,5.1,97.16
2015-08-11,5.1,97.29
2015-08-12,5.1,96.26
2015-08-13,5.1,96.44
2015-08-14,5.1,96.52
2015-08-15,5.1,96.52
2015-08-16,5.1,96.52
2015-08-17,5.1,96.81
2015-08-18,5.1,97.04
2015-08-19,5.1,96.36
2015-08-20,5.1,95.98
2015-08-21,5.1,95.01
2015-08-22,5.1,95.01
2015-08-23,5.1,95.01
2015-08-24,5.1,93.33
2015-08-25,5.1,94.53
2015-08-26,5.1,95.1
2015-08-27,5.1,95.61
2015-08-28,5.1,96.11
2015-08-29,5.1,96.11
2015-08-30,5.1,96.11
2015-08-31,5.1,95.82
2015-09-01,5.0,95.45
2015-09-02,5.0,95.83
2015-09-03,5.0,96.41
2015-09-04,5.0,96.23
2015-09-05,5.0,96.23
2015-09-06,5.0,96.23
2015-09-07,5.0,96.23
2015-09-08,5.0,95.98
2015-09-09,5.0,96.01
2015-09-10,5.0,95.46
2015-09-11,5.0,95.19
2015-09-12,5.0,95.19
2015-09-13,5.0,95.19
2015-09-14,5.0,95.25
2015-09-15,5.0,95.61
2015-09-16,5.0,95.42
2015-09-17,5.0,94.55
2015-09-18,5.0,94.86
2015-09-19,5.0,94.86
2015-09-20,5.0,94.86
2015-09-21,5.0,95.89
2015-09-22,5.0,96.28
2015-09-23,5.0,96.07
2015-09-24,5.0,96.69
2015-09-25,5.0,96.27
2015-09-26,5.0,96.27
2015-09-27,5.0,96.27
2015-09-28,5.0,96.03
2015-09-29,5.0,95.86
2015-09-30,5.0,96.35
2015-10-01,5.0,96.19
2015-10-02,5.0,95.83
2015-10-03,5.0,95.83
2015-10-04,5.0,95.83
2015-10-05,5.0,96.11
2015-10-06,5.0,95.45
2015-10-07,5.0,95.5
2015-10-08,5.0,95.32
2015-10-09,5.0,94.81
2015-10-10,5.0,94.81
2015-10-11,5.0,94.81
2015-10-12,5.0,94.84
2015-10-13,5.0,94.76
2015-10-14,5.0,93.93
2015-10-15,5.0,94.37
2015-10-16,5.0,94.54
2015-10-17,5.0,94.54
2015-10-18,5.0,94.54
2015-10-19,5.0,94.93
2015-10-20,5.0,94.91
2015-10-21,5.0,95.03
2015-10-22,5.0,96.38
2015-10-23,5.0,97.13
2015-10-24,5.0,97.13
2015-10-25,5.0,97.13
2015-10-26,5.0,96.86
2015-10-27,5.0,96.91
2015-10-28,5.0,97.78
2015-10-29,5.0,97.28
2015-10-30,5.0,96.95
2015-10-31,5.0,96.95
2015-11-01,5.1,96.95
2015-11-02,5.1,96.93
2015-11-03,5.1,97.16
2015-11-04,5.1,97.95
2015-11-05,5.1,97.94
2015-11-06,5.1,99.17
2015-11-07,5.1,99.17
2015-11-08,5.1,99.17
2015-11-09,5.1,98.98
2015-11-10,5.1,99.29
2015-11-11,5.1,99.01
2015-11-12,5.1,98.65
2015-11-13,5.1,99
2015-11-14,5.1,99
2015-11-15,5.1,99
2015-11-16,5.1,99.44
2015-11-17,5.1,99.63
2015-11-18,5.1,99.65
2015-11-19,5.1,98.99
2015-11-20,5.1,99.56
2015-11-21,5.1,99.56
2015-11-22,5.1,99.56
2015-11-23,5.1,99.8
2015-11-24,5.1,99.53
2015-11-25,5.1,99.8
2015-11-26,5.1,99.8
2015-11-27,5.1,100.02
2015-11-28,5.1,100.02
2015-11-29,5.1,100.02
2015-11-30,5.1,100.17
2015-12-01,5.0,99.8
2015-12-02,5.0,99.99
2015-12-03,5.0,97.62
2015-12-04,5.0,98.35
2015-12-05,5.0,98.35
2015-12-06,5.0,98.35
2015-12-07,5.0,98.66
2015-12-08,5.0,98.47
2015-12-09,5.0,97.34
2015-12-10,5.0,97.94
2015-12-11,5.0,97.56
2015-12-12,5.0,97.56
2015-12-13,5.0,97.56
2015-12-14,5.0,97.6
2015-12-15,5.0,98.22
2015-12-16,5.0,97.87
2015-12-17,5.0,99.27
2015-12-18,5.0,98.7
2015-12-19,5.0,98.7
2015-12-20,5.0,98.7
2015-12-21,5.0,98.36
2015-12-22,5.0,98.23
2015-12-23,5.0,98.34
2015-12-24,5.0,97.98
2015-12-25,5.0,97.98
2015-12-26,5.0,97.98
2015-12-27,5.0,97.98
2015-12-28,5.0,97.92
2015-12-29,5.0,98.1
2015-12-30,5.0,98.27
2015-12-31,5.0,98.63
2016-01-01,4.9,98.63
2016-01-02,4.9,98.63
2016-01-03,4.9,98.63
2016-01-04,4.9,98.87
2016-01-05,4.9,99.4
2016-01-06,4.9,99.18
2016-01-07,4.9,98.22
2016-01-08,4.9,98.54
2016-01-09,4.9,98.54
2016-01-10,4.9,98.54
2016-01-11,4.9,98.72
2016-01-12,4.9,98.97
2016-01-13,4.9,98.93
2016-01-14,4.9,99.09
2016-01-15,4.9,98.96
2016-01-16,4.9,98.96
2016-01-17,4.9,98.96
2016-01-18,4.9,98.96
2016-01-19,4.9,98.99
2016-01-20,4.9,99.09
2016-01-21,4.9,99.06
2016-01-22,4.9,99.57
2016-01-23,4.9,99.57
2016-01-24,4.9,99.57
2016-01-25,4.9,99.36
2016-01-26,4.9,99.36
2016-01-27,4.9,98.9
2016-01-28,4.9,98.51
2016-01-29,4.9,99.61
2016-01-30,4.9,99.61
2016-01-31,4.9,99.61
2016-02-01,4.9,99.01
2016-02-02,4.9,98.87
2016-02-03,4.9,97.29
2016-02-04,4.9,96.47
2016-02-05,4.9,97.03
2016-02-06,4.9,97.03
2016-02-07,4.9,97.03
2016-02-08,4.9,96.57
2016-02-09,4.9,96.07
2016-02-10,4.9,95.89
2016-02-11,4.9,95.56
2016-02-12,4.9,95.94
2016-02-13,4.9,95.94
2016-02-14,4.9,95.94
2016-02-15,4.9,95.98
2016-02-16,4.9,96.87
2016-02-17,4.9,96.79
2016-02-18,4.9,96.95
2016-02-19,4.9,96.6
2016-02-20,4.9,96.6
2016-02-21,4.9,96.6
2016-02-22,4.9,97.38
2016-02-23,4.9,97.48
2016-02-24,4.9,97.46
2016-02-25,4.9,97.29
2016-02-26,4.9,98.15
2016-02-27,4.9,98.15
2016-02-28,4.9,98.15
2016-02-29,4.9,98.21
2016-03-01,5.0,98.35
2016-03-02,5.0,98.21
2016-03-03,5.0,97.59
2016-03-04,5.0,97.34
2016-03-05,5.0,97.34
2016-03-06,5.0,97.34
2016-03-07,5.0,97.07
2016-03-08,5.0,97.21
2016-03-09,5.0,97.17
2016-03-10,5.0,96.07
2016-03-11,5.0,96.17
2016-03-12,5.0,96.17
2016-03-13,5.0,96.17
2016-03-14,5.0,96.62
2016-03-15,5.0,96.63
2016-03-16,5.0,95.89
2016-03-17,5.0,94.76
2016-03-18,5.0,95.09
2016-03-19,5.0,95.09
2016-03-20,5.0,95.09
2016-03-21,5.0,95.29
2016-03-22,5.0,95.65
2016-03-23,5.0,96.05
2016-03-24,5.0,96.14
2016-03-25,5.0,96.14
2016-03-26,5.0,96.14
2016-03-27,5.0,96.14
2016-03-28,5.0,95.94
2016-03-29,5.0,95.16
2016-03-30,5.0,94.84
2016-03-31,5.0,94.59
2016-04-01,5.0,94.62
2016-04-02,5.0,94.62
2016-04-03,5.0,94.62
2016-04-04,5.0,94.51
2016-04-05,5.0,94.63
2016-04-06,5.0,94.43
2016-04-07,5.0,94.48
2016-04-08,5.0,94.23
2016-04-09,5.0,94.23
2016-04-10,5.0,94.23
2016-04-11,5.0,93.95
2016-04-12,5.0,93.96
2016-04-13,5.0,94.74
2016-04-14,5.0,94.9
2016-04-15,5.0,94.7
2016-04-16,5.0,94.7
2016-04-17,5.0,94.7
2016-04-18,5.0,94.49
2016-04-19,5.0,93.98
2016-04-20,5.0,94.49
2016-04-21,5.0,94.6
2016-04-22,5.0,95.12
2016-04-23,5.0,95.12
2016-04-24,5.0,95.12
2016-04-25,5.0,94.84
2016-04-26,5.0,94.57
2016-04-27,5.0,94.39
2016-04-28,5.0,93.76
2016-04-29,5.0,93.08
2016-04-30,5.0,93.08
2016-05-01,4.8,93.08
2016-05-02,4.8,92.63
2016-05-03,4.8,92.94
2016-05-04,4.8,93.18
2016-05-05,4.8,93.78
2016-05-06,4.8,93.89
2016-05-07,4.8,93.89
2016-05-08,4.8,93.89
2016-05-09,4.8,94.13
2016-05-10,4.8,94.29
2016-05-11,4.8,93.82
2016-05-12,4.8,94.15
2016-05-13,4.8,94.61
2016-05-14,4.8,94.61
2016-05-15,4.8,94.61
2016-05-16,4.8,94.57
2016-05-17,4.8,94.55
2016-05-18,4.8,95.08
2016-05-19,4.8,95.29
2016-05-20,4.8,95.33
2016-05-21,4.8,95.33
2016-05-22,4.8,95.33
2016-05-23,4.8,95.23
2016-05-24,4.8,95.57
2016-05-25,4.8,95.35
2016-05-26,4.8,95.17
2016-05-27,4.8,95.52
2016-05-28,4.8,95.52
2016-05-29,4.8,95.52
2016-05-30,4.8,95.52
2016-05-31,4.8,95.89
2016-06-01,4.9,95.45
2016-06-02,4.9,95.56
2016-06-03,4.9,94.03
2016-06-04,4.9,94.03
2016-06-05,4.9,94.03
2016-06-06,4.9,93.9
2016-06-07,4.9,93.83
2016-06-08,4.9,93.59
2016-06-09,4.9,93.95
2016-06-10,4.9,94.57
2016-06-11,4.9,94.57
2016-06-12,4.9,94.57
2016-06-13,4.9,94.36
2016-06-14,4.9,94.93
2016-06-15,4.9,94.61
2016-06-16,4.9,94.57
2016-06-17,4.9,94.21
2016-06-18,4.9,94.21
2016-06-19,4.9,94.21
2016-06-20,4.9,93.61
2016-06-21,4.9,94.02
2016-06-22,4.9,93.72
2016-06-23,4.9,93.53
2016-06-24,4.9,95.45
2016-06-25,4.9,95.45
2016-06-26,4.9,95.45
2016-06-27,4.9,96.54
2016-06-28,4.9,96.25
2016-06-29,4.9,95.77
2016-06-30,4.9,96.14
2016-07-01,4.8,95.65
2016-07-02,4.8,95.65
2016-07-03,4.8,95.65
2016-07-04,4.8,95.65
2016-07-05,4.8,96.17
2016-07-06,4.8,96.05
2016-07-07,4.8,96.33
2016-07-08,4.8,96.3
2016-07-09,4.8,96.3
2016-07-10,4.8,96.3
2016-07-11,4.8,96.57
2016-07-12,4.8,96.44
2016-07-13,4.8,96.22
2016-07-14,4.8,96.08
2016-07-15,4.8,96.58
2016-07-16,4.8,96.58
2016-07-17,4.8,96.58
2016-07-18,4.8,96.56
2016-07-19,4.8,97.06
2016-07-20,4.8,97.2
2016-07-21,4.8,97
2016-07-22,4.8,97.47
2016-07-23,4.8,97.47
2016-07-24,4.8,97.47
2016-07-25,4.8,97.29
2016-07-26,4.8,97.16
2016-07-27,4.8,97.05
2016-07-28,4.8,96.74
2016-07-29,4.8,95.53
2016-07-30,4.8,95.53
2016-07-31,4.8,95.53
2016-08-01,4.9,95.71
2016-08-02,4.9,95.06
2016-08-03,4.9,95.56
2016-08-04,4.9,95.76
2016-08-05,4.9,96.19
2016-08-06,4.9,96.19
2016-08-07,4.9,96.19
2016-08-08,4.9,96.4
2016-08-09,4.9,96.18
2016-08-10,4.9,95.65
2016-08-11,4.9,95.86
2016-08-12,4.9,95.72
2016-08-13,4.9,95.72
2016-08-14,4.9,95.72
2016-08-15,4.9,95.63
2016-08-16,4.9,94.79
2016-08-17,4.9,94.72
2016-08-18,4.9,94.16
2016-08-19,4.9,94.51
2016-08-20,4.9,94.51
2016-08-21,4.9,94.51
2016-08-22,4.9,94.52
2016-08-23,4.9,94.54
2016-08-24,4.9,94.79
2016-08-25,4.9,94.77
2016-08-26,4.9,95.57
2016-08-27,4.9,95.57
2016-08-28,4.9,95.57
2016-08-29,4.9,95.58
2016-08-30,4.9,96.05
2016-08-31,4.9,96.02
2016-09-01,5.0,95.65
2016-09-02,5.0,95.84
2016-09-03,5.0,95.84
2016-09-04,5.0,95.84
2016-09-05,5.0,95.84
2016-09-06,5.0,94.82
2016-09-07,5.0,94.96
2016-09-08,5.0,95.03
2016-09-09,5.0,95.34
2016-09-10,5.0,95.34
2016-09-11,5.0,95.34
2016-09-12,5.0,95.09
2016-09-13,5.0,95.63
2016-09-14,5.0,95.33
2016-09-15,5.0,95.29
2016-09-16,5.0,96.11
2016-09-17,5.0,96.11
2016-09-18,5.0,96.11
2016-09-19,5.0,95.84
2016-09-20,5.0,96.02
2016-09-21,5.0,95.66
2016-09-22,5.0,95.45
2016-09-23,5.0,95.48
2016-09-24,5.0,95.48
2016-09-25,5.0,95.48
2016-09-26,5.0,95.3
2016-09-27,5.0,95.44
2016-09-28,5.0,95.43
2016-09-29,5.0,95.53
2016-09-30,5.0,95.46
2016-10-01,4.9,95.46
2016-10-02,4.9,95.46
2016-10-03,4.9,95.69
2016-10-04,4.9,96.17
2016-10-05,4.9,96.12
2016-10-06,4.9,96.77
2016-10-07,4.9,96.63
2016-10-08,4.9,96.63
2016-10-09,4.9,96.63
2016-10-10,4.9,96.93
2016-10-11,4.9,97.69
2016-10-12,4.9,97.97
2016-10-13,4.9,97.52
2016-10-14,4.9,98.02
2016-10-15,4.9,98.02
2016-10-16,4.9,98.02
2016-10-17,4.9,97.89
2016-10-18,4.9,97.89
2016-10-19,4.9,97.92
2016-10-20,4.9,98.31
2016-10-21,4.9,98.69
2016-10-22,4.9,98.69
2016-10-23,4.9,98.69
2016-10-24,4.9,98.76
2016-10-25,4.9,98.72
2016-10-26,4.9,98.63
2016-10-27,4.9,98.89
2016-10-28,4.9,98.35
2016-10-29,4.9,98.35
2016-10-30,4.9,98.35
2016-10-31,4.9,98.44
2016-11-01,4.7,97.7
2016-11-02,4.7,97.4
2016-11-03,4.7,97.16
2016-11-04,4.7,97.06
2016-11-05,4.7,97.06
2016-11-06,4.7,97.06
2016-11-07,4.7,97.78
2016-11-08,4.7,97.86
2016-11-09,4.7,98.5
2016-11-10,4.7,98.78
2016-11-11,4.7,99.06
2016-11-12,4.7,99.06
2016-11-13,4.7,99.06
2016-11-14,4.7,100.11
2016-11-15,4.7,100.23
2016-11-16,4.7,100.41
2016-11-17,4.7,100.89
2016-11-18,4.7,101.21
2016-11-19,4.7,101.21
2016-11-20,4.7,101.21
2016-11-21,4.7,101.05
2016-11-22,4.7,101.04
2016-11-23,4.7,101.7
2016-11-24,4.7,101.7
2016-11-25,4.7,101.49
2016-11-26,4.7,101.49
2016-11-27,4.7,101.49
2016-11-28,4.7,101.33
2016-11-29,4.7,100.93
2016-11-30,4.7,101.5
2016-12-01,4.7,101.04
2016-12-02,4.7,100.77
2016-12-03,4.7,100.77
2016-12-04,4.7,100.77
2016-12-05,4.7,100.09
2016-12-06,4.7,100.49
2016-12-07,4.7,100.23
2016-12-08,4.7,101.1
2016-12-09,4.7,101.59
2016-12-10,4.7,101.59
2016-12-11,4.7,101.59
2016-12-12,4.7,101.03
2016-12-13,4.7,101.07
2016-12-14,4.7,101.76
2016-12-15,4.7,103.02
2016-12-16,4.7,102.95
2016-12-17,4.7,102.95
2016-12-18,4.7,102.95
2016-12-19,4.7,103.14
2016-12-20,4.7,103.29
2016-12-21,4.7,103.02
2016-12-22,4.7,103.09
2016-12-23,4.7,103.01
2016-12-24,4.7,103.01
2016-12-25,4.7,103.01
2016-12-26,4.7,103.01
2016-12-27,4.7,103.02
2016-12-28,4.7,103.3
2016-12-29,4.7,102.68
2016-12-30,4.7,102.21
2016-12-31,4.7,102.21
2017-01-01,4.7,102.21
2017-01-02,4.7,102.83
2017-01-03,4.7,103.21
2017-01-04,4.7,102.7
2017-01-05,4.7,101.52
2017-01-06,4.7,102.22
2017-01-07,4.7,102.22
2017-01-08,4.7,102.22
2017-01-09,4.7,101.93
2017-01-10,4.7,102.01
2017-01-11,4.7,101.78
2017-01-12,4.7,101.35
2017-01-13,4.7,101.18
2017-01-14,4.7,101.18
2017-01-15,4.7,101.18
2017-01-16,4.7,101.18
2017-01-17,4.7,100.33
2017-01-18,4.7,100.93
2017-01-19,4.7,101.15
2017-01-20,4.7,100.74
2017-01-21,4.7,100.74
2017-01-22,4.7,100.74
2017-01-23,4.7,100.16
2017-01-24,4.7,100.35
2017-01-25,4.7,100.03
2017-01-26,4.7,100.38
2017-01-27,4.7,100.53
2017-01-28,4.7,100.53
2017-01-29,4.7,100.53
2017-01-30,4.7,100.43
2017-01-31,4.7,99.51
2017-02-01,4.6,99.64
2017-02-02,4.6,99.79
2017-02-03,4.6,99.87
2017-02-04,4.6,99.87
2017-02-05,4.6,99.87
2017-02-06,4.6,99.91
2017-02-07,4.6,100.26
2017-02-08,4.6,100.28
2017-02-09,4.6,100.65
2017-02-10,4.6,100.8
2017-02-11,4.6,100.8
2017-02-12,4.6,100.8
2017-02-13,4.6,100.96
2017-02-14,4.6,101.25
2017-02-15,4.6,101.18
2017-02-16,4.6,100.44
2017-02-17,4.6,100.95
2017-02-18,4.6,100.95
2017-02-19,4.6,100.95
2017-02-20,4.6,100.95
2017-02-21,4.6,101.37
2017-02-22,4.6,101.22
2017-02-23,4.6,101.05
2017-02-24,4.6,101.09
2017-02-25,4.6,101.09
2017-02-26,4.6,101.09
2017-02-27,4.6,101.13
2017-02-28,4.6,101.12
2017-03-01,4.4,101.78
2017-03-02,4.4,102.2
2017-03-03,4.4,101.54
2017-03-04,4.4,101.54
2017-03-05,4.4,101.54
2017-03-06,4.4,101.64
2017-03-07,4.4,101.81
2017-03-08,4.4,102.07
2017-03-09,4.4,101.85
2017-03-10,4.4,101.25
2017-03-11,4.4,101.25
2017-03-12,4.4,101.25
2017-03-13,4.4,101.31
2017-03-14,4.4,101.7
2017-03-15,4.4,100.74
2017-03-16,4.4,100.36
2017-03-17,4.4,100.3
2017-03-18,4.4,100.3
2017-03-19,4.4,100.3
2017-03-20,4.4,100.41
2017-03-21,4.4,99.81
2017-03-22,4.4,99.68
2017-03-23,4.4,99.76
2017-03-24,4.4,99.63
2017-03-25,4.4,99.63
2017-03-26,4.4,99.63
2017-03-27,4.4,99.17
2017-03-28,4.4,99.71
2017-03-29,4.4,100
2017-03-30,4.4,100.41
2017-03-31,4.4,100.35
2017-04-01,4.4,100.35
2017-04-02,4.4,100.35
2017-04-03,4.4,100.54
2017-04-04,4.4,100.54
2017-04-05,4.4,100.56
2017-04-06,4.4,100.67
2017-04-07,4.4,101.18
2017-04-08,4.4,101.18
2017-04-09,4.4,101.18
2017-04-10,4.4,101.02
2017-04-11,4.4,100.71
2017-04-12,4.4,100.78
2017-04-13,4.4,100.56
2017-04-14,4.4,100.56
2017-04-15,4.4,100.56
2017-04-16,4.4,100.56
2017-04-17,4.4,100.29
2017-04-18,4.4,99.5
2017-04-19,4.4,99.74
2017-04-20,4.4,99.78
2017-04-21,4.4,99.98
2017-04-22,4.4,99.98
2017-04-23,4.4,99.98
2017-04-24,4.4,99.09
2017-04-25,4.4,98.78
2017-04-26,4.4,99.05
2017-04-27,4.4,99.08
2017-04-28,4.4,99.05
2017-04-29,4.4,99.05
2017-04-30,4.4,99.05
2017-05-01,4.4,99.08
2017-05-02,4.4,98.98
2017-05-03,4.4,99.21
2017-05-04,4.4,98.8
2017-05-05,4.4,98.65
2017-05-06,4.4,98.65
2017-05-07,4.4,98.65
2017-05-08,4.4,99.06
2017-05-09,4.4,99.66
2017-05-10,4.4,99.67
2017-05-11,4.4,99.62
2017-05-12,4.4,99.25
2017-05-13,4.4,99.25
2017-05-14,4.4,99.25
2017-05-15,4.4,98.91
2017-05-16,4.4,98.11
2017-05-17,4.4,97.58
2017-05-18,4.4,97.88
2017-05-19,4.4,97.14
2017-05-20,4.4,97.14
2017-05-21,4.4,97.14
2017-05-22,4.4,96.98
2017-05-23,4.4,97.35
2017-05-24,4.4,97.24
2017-05-25,4.4,97.25
2017-05-26,4.4,97.44
2017-05-27,4.4,97.44
2017-05-28,4.4,97.44
2017-05-29,4.4,97.44
2017-05-30,4.4,97.28
2017-05-31,4.4,96.92
2017-06-01,4.3,97.2
2017-06-02,4.3,96.72
2017-06-03,4.3,96.72
2017-06-04,4.3,96.72
2017-06-05,4.3,96.8
2017-06-06,4.3,96.64
2017-06-07,4.3,96.75
2017-06-08,4.3,96.92
2017-06-09,4.3,97.27
2017-06-10,4.3,97.27
2017-06-11,4.3,97.27
2017-06-12,4.3,97.14
2017-06-13,4.3,96.97
2017-06-14,4.3,96.94
2017-06-15,4.3,97.43
2017-06-16,4.3,97.16
2017-06-17,4.3,97.16
2017-06-18,4.3,97.16
2017-06-19,4.3,97.55
2017-06-20,4.3,97.76
2017-06-21,4.3,97.56
2017-06-22,4.3,97.59
2017-06-23,4.3,97.26
2017-06-24,4.3,97.26
2017-06-25,4.3,97.26
2017-06-26,4.3,97.43
2017-06-27,4.3,96.39
2017-06-28,4.3,96.01
2017-06-29,4.3,95.63
2017-06-30,4.3,95.63
2017-07-01,4.3,95.63
2017-07-02,4.3,95.63
2017-07-03,4.3,96.22
2017-07-04,4.3,96.22
2017-07-05,4.3,96.29
2017-07-06,4.3,95.8
2017-07-07,4.3,96.01
2017-07-08,4.3,96.01
2017-07-09,4.3,96.01
2017-07-10,4.3,96.02
2017-07-11,4.3,95.67
2017-07-12,4.3,95.76
2017-07-13,4.3,95.73
2017-07-14,4.3,95.15
2017-07-15,4.3,95.15
2017-07-16,4.3,95.15
2017-07-17,4.3,95.13
2017-07-18,4.3,94.6
2017-07-19,4.3,94.78
2017-07-20,4.3,94.31
2017-07-21,4.3,93.86
2017-07-22,4.3,93.86
2017-07-23,4.3,93.86
2017-07-24,4.3,93.98
2017-07-25,4.3,94.05
2017-07-26,4.3,93.67
2017-07-27,4.3,93.86
2017-07-28,4.3,93.26
2017-07-29,4.3,93.26
2017-07-30,4.3,93.26
2017-07-31,4.3,92.86
2017-08-01,4.4,93.04
2017-08-02,4.4,92.84
2017-08-03,4.4,92.84
2017-08-04,4.4,93.54
2017-08-05,4.4,93.54
2017-08-06,4.4,93.54
2017-08-07,4.4,93.43
2017-08-08,4.4,93.65
2017-08-09,4.4,93.55
2017-08-10,4.4,93.4
2017-08-11,4.4,93.07
2017-08-12,4.4,93.07
2017-08-13,4.4,93.07
2017-08-14,4.4,93.41
2017-08-15,4.4,93.85
2017-08-16,4.4,93.54
2017-08-17,4.4,93.62
2017-08-18,4.4,93.43
2017-08-19,4.4,93.43
2017-08-20,4.4,93.43
2017-08-21,4.4,93.09
2017-08-22,4.4,93.55
2017-08-23,4.4,93.15
2017-08-24,4.4,93.28
2017-08-25,4.4,92.74
2017-08-26,4.4,92.74
2017-08-27,4.4,92.74
2017-08-28,4.4,92.21
2017-08-29,4.4,92.25
2017-08-30,4.4,92.88
2017-08-31,4.4,92.67
2017-09-01,4.2,92.81
2017-09-02,4.2,92.81
2017-09-03,4.2,92.81
2017-09-04,4.2,92.64
2017-09-05,4.2,92.25
2017-09-06,4.2,92.29
2017-09-07,4.2,91.66
2017-09-08,4.2,91.35
2017-09-09,4.2,91.35
2017-09-10,4.2,91.35
2017-09-11,4.2,91.9
2017-09-12,4.2,91.88
2017-09-13,4.2,92.52
2017-09-14,4.2,92.12
2017-09-15,4.2,91.87
2017-09-16,4.2,91.87
2017-09-17,4.2,91.87
2017-09-18,4.2,92.05
2017-09-19,4.2,91.79
2017-09-20,4.2,92.51
2017-09-21,4.2,92.19
2017-09-22,4.2,92.17
2017-09-23,4.2,92.17
2017-09-24,4.2,92.17
2017-09-25,4.2,92.65
2017-09-26,4.2,92.97
2017-09-27,4.2,93.36
2017-09-28,4.2,93.08
2017-09-29,4.2,93.08
2017-09-30,4.2,93.08
2017-10-01,4.1,93.08
2017-10-02,4.1,93.56
2017-10-03,4.1,93.57
2017-10-04,4.1,93.46
2017-10-05,4.1,93.96
2017-10-06,4.1,93.8
2017-10-07,4.1,93.8
2017-10-08,4.1,93.8
2017-10-09,4.1,93.67
2017-10-10,4.1,93.29
2017-10-11,4.1,93.02
2017-10-12,4.1,93.06
2017-10-13,4.1,93.09
2017-10-14,4.1,93.09
2017-10-15,4.1,93.09
2017-10-16,4.1,93.31
2017-10-17,4.1,93.51
2017-10-18,4.1,93.36
2017-10-19,4.1,93.16
2017-10-20,4.1,93.7
2017-10-21,4.1,93.7
2017-10-22,4.1,93.7
2017-10-23,4.1,93.94
2017-10-24,4.1,93.77
2017-10-25,4.1,93.71
2017-10-26,4.1,94.61
2017-10-27,4.1,94.92
2017-10-28,4.1,94.92
2017-10-29,4.1,94.92
2017-10-30,4.1,94.56
2017-10-31,4.1,94.55
2017-11-01,4.2,94.81
2017-11-02,4.2,94.69
2017-11-03,4.2,94.94
2017-11-04,4.2,94.94
2017-11-05,4.2,94.94
2017-11-06,4.2,94.76
2017-11-07,4.2,94.91
2017-11-08,4.2,94.87
2017-11-09,4.2,94.44
2017-11-10,4.2,94.39
2017-11-11,4.2,94.39
2017-11-12,4.2,94.39
2017-11-13,4.2,94.49
2017-11-14,4.2,93.83
2017-11-15,4.2,93.81
2017-11-16,4.2,93.93
2017-11-17,4.2,93.66
2017-11-18,4.2,93.66
2017-11-19,4.2,93.66
2017-11-20,4.2,94.08
2017-11-21,4.2,93.95
2017-11-22,4.2,93.22
2017-11-23,4.2,93.22
2017-11-24,4.2,92.78
2017-11-25,4.2,92.78
2017-11-26,4.2,92.78
2017-11-27,4.2,92.9
2017-11-28,4.2,93.27
2017-11-29,4.2,93.16
2017-11-30,4.2,93.05
2017-12-01,4.1,92.89
2017-12-02,4.1,92.89
2017-12-03,4.1,92.89
2017-12-04,4.1,93.19
2017-12-05,4.1,93.38
2017-12-06,4.1,93.61
2017-12-07,4.1,93.8
2017-12-08,4.1,93.9
2017-12-09,4.1,93.9
2017-12-10,4.1,93.9
2017-12-11,4.1,93.87
2017-12-12,4.1,94.1
2017-12-13,4.1,93.43
2017-12-14,4.1,93.49
2017-12-15,4.1,93.93
2017-12-16,4.1,93.93
2017-12-17,4.1,93.93
2017-12-18,4.1,93.69
2017-12-19,4.1,93.44
2017-12-20,4.1,93.31
2017-12-21,4.1,93.28
2017-12-22,4.1,93.35
2017-12-23,4.1,93.35
2017-12-24,4.1,93.35
2017-12-25,4.1,93.35
2017-12-26,4.1,93.26
2017-12-27,4.1,93.03
2017-12-28,4.1,92.6
2017-12-29,4.1,92.12
2017-12-30,4.1,92.12
2017-12-31,4.1,92.28
2018-01-01,4.1,92.25
2018-01-02,4.1,91.87
2018-01-03,4.1,92.16
2018-01-04,4.1,91.85
2018-01-05,4.1,91.95
2018-01-06,4.1,91.95
2018-01-07,4.1,91.95
2018-01-08,4.1,92.36
2018-01-09,4.1,92.53
2018-01-10,4.1,92.33
2018-01-11,4.1,91.85
2018-01-12,4.1,90.97
2018-01-13,4.1,90.97
2018-01-14,4.1,90.97
2018-01-15,4.1,90.97
2018-01-16,4.1,90.39
2018-01-17,4.1,90.54
2018-01-18,4.1,90.5
2018-01-19,4.1,90.57
2018-01-20,4.1,90.57
2018-01-21,4.1,90.57
2018-01-22,4.1,90.4
2018-01-23,4.1,90.12
2018-01-24,4.1,89.21
2018-01-25,4.1,89.39
2018-01-26,4.1,89.07
2018-01-27,4.1,89.07
2018-01-28,4.1,89.07
2018-01-29,4.1,89.31
2018-01-30,4.1,89.16
2018-01-31,4.1,89.13
2018-02-01,4.1,88.67
2018-02-02,4.1,89.19
2018-02-03,4.1,89.19
2018-02-04,4.1,89.19
2018-02-05,4.1,89.55
2018-02-06,4.1,89.58
2018-02-07,4.1,90.25
2018-02-08,4.1,90.23
2018-02-09,4.1,90.44
2018-02-10,4.1,90.44
2018-02-11,4.1,90.44
2018-02-12,4.1,90.21
2018-02-13,4.1,89.7
2018-02-14,4.1,89.12
2018-02-15,4.1,88.59
2018-02-16,4.1,89.1
2018-02-17,4.1,89.1
2018-02-18,4.1,89.1
2018-02-19,4.1,89.1
2018-02-20,4.1,89.72
2018-02-21,4.1,90
2018-02-22,4.1,89.74
2018-02-23,4.1,89.88
2018-02-24,4.1,89.88
2018-02-25,4.1,89.88
2018-02-26,4.1,89.85
2018-02-27,4.1,90.36
2018-02-28,4.1,90.61
2018-03-01,4.0,90.32
2018-03-02,4.0,89.94
2018-03-03,4.0,89.94
2018-03-04,4.0,89.94
2018-03-05,4.0,90.08
2018-03-06,4.0,89.62
2018-03-07,4.0,89.64
2018-03-08,4.0,90.18
2018-03-09,4.0,90.09
2018-03-10,4.0,90.09
2018-03-11,4.0,90.09
2018-03-12,4.0,89.89
2018-03-13,4.0,89.66
2018-03-14,4.0,89.7
2018-03-15,4.0,90.14
2018-03-16,4.0,90.23
2018-03-17,4.0,90.23
2018-03-18,4.0,90.23
2018-03-19,4.0,89.77
2018-03-20,4.0,90.37
2018-03-21,4.0,89.78
2018-03-22,4.0,89.86
2018-03-23,4.0,89.48
2018-03-24,4.0,89.48
2018-03-25,4.0,89.48
2018-03-26,4.0,89.03
2018-03-27,4.0,89.33
2018-03-28,4.0,90.06
2018-03-29,4.0,90.15
2018-03-30,4.0,89.97
2018-03-31,4.0,89.97
2018-04-01,4.0,89.97
2018-04-02,4.0,90.05
2018-04-03,4.0,90.2
2018-04-04,4.0,90.14
2018-04-05,4.0,90.46
2018-04-06,4.0,90.11
2018-04-07,4.0,90.11
2018-04-08,4.0,90.11
2018-04-09,4.0,89.84
2018-04-10,4.0,89.59
2018-04-11,4.0,89.57
2018-04-12,4.0,89.75
2018-04-13,4.0,89.8
2018-04-14,4.0,89.8
2018-04-15,4.0,89.8
2018-04-16,4.0,89.42
2018-04-17,4.0,89.52
2018-04-18,4.0,89.62
2018-04-19,4.0,89.94
2018-04-20,4.0,90.32
2018-04-21,4.0,90.32
2018-04-22,4.0,90.32
2018-04-23,4.0,90.95
2018-04-24,4.0,90.77
2018-04-25,4.0,91.17
2018-04-26,4.0,91.56
2018-04-27,4.0,91.54
2018-04-28,4.0,91.54
2018-04-29,4.0,91.54
2018-04-30,4.0,91.84
2018-05-01,3.8,92.45
2018-05-02,3.8,92.51
2018-05-03,3.8,92.41
2018-05-04,3.8,92.57
2018-05-05,3.8,92.57
2018-05-06,3.8,92.57
2018-05-07,3.8,92.75
2018-05-08,3.8,93.12
2018-05-09,3.8,93.04
2018-05-10,3.8,92.65
2018-05-11,3.8,92.54
2018-05-12,3.8,92.54
2018-05-13,3.8,92.54
2018-05-14,3.8,92.59
2018-05-15,3.8,93.22
2018-05-16,3.8,93.39
2018-05-17,3.8,93.47
2018-05-18,3.8,93.64
2018-05-19,3.8,93.64
2018-05-20,3.8,93.64
2018-05-21,3.8,93.68
2018-05-22,3.8,93.61
2018-05-23,3.8,94
2018-05-24,3.8,93.76
2018-05-25,3.8,94.19
2018-05-26,3.8,94.19
2018-05-27,3.8,94.19
2018-05-28,3.8,94.19
2018-05-29,3.8,94.83
2018-05-30,3.8,94.15
2018-05-31,3.8,93.98
2018-06-01,4.0,94.19
2018-06-02,4.0,94.19
2018-06-03,4.0,94.19
2018-06-04,4.0,94.02
2018-06-05,4.0,93.9
2018-06-06,4.0,93.66
2018-06-07,4.0,93.4
2018-06-08,4.0,93.55
2018-06-09,4.0,93.55
2018-06-10,4.0,93.55
2018-06-11,4.0,93.58
2018-06-12,4.0,93.8
2018-06-13,4.0,93.71
2018-06-14,4.0,94.77
2018-06-15,4.0,94.79
2018-06-16,4.0,94.79
2018-06-17,4.0,94.79
2018-06-18,4.0,94.8
2018-06-19,4.0,95.08
2018-06-20,4.0,95.06
2018-06-21,4.0,94.74
2018-06-22,4.0,94.52
2018-06-23,4.0,94.52
2018-06-24,4.0,94.52
2018-06-25,4.0,94.28
2018-06-26,4.0,94.66
2018-06-27,4.0,95.27
2018-06-28,4.0,95.39
2018-06-29,4.0,94.64
2018-06-30,4.0,94.64
2018-07-01,3.8,94.64
2018-07-02,3.8,95.03
2018-07-03,3.8,94.67
2018-07-04,3.8,94.67
2018-07-05,3.8,94.47
2018-07-06,3.8,94.04
2018-07-07,3.8,94.04
2018-07-08,3.8,94.04
2018-07-09,3.8,94.08
2018-07-10,3.8,94.15
2018-07-11,3.8,94.72
2018-07-12,3.8,94.81
2018-07-13,3.8,94.75
2018-07-14,3.8,94.75
2018-07-15,3.8,94.75
2018-07-16,3.8,94.51
2018-07-17,3.8,94.94
2018-07-18,3.8,95.08
2018-07-19,3.8,95.15
2018-07-20,3.8,94.45
2018-07-21,3.8,94.45
2018-07-22,3.8,94.45
2018-07-23,3.8,94.67
2018-07-24,3.8,94.61
2018-07-25,3.8,94.36
2018-07-26,3.8,94.75
2018-07-27,3.8,94.67
2018-07-28,3.8,94.67
2018-07-29,3.8,94.67
2018-07-30,3.8,94.32
2018-07-31,3.8,94.49
2018-08-01,3.8,94.62
2018-08-02,3.8,95.16
2018-08-03,3.8,95.14
2018-08-04,3.8,95.14
2018-08-05,3.8,95.14
2018-08-06,3.8,95.36
2018-08-07,3.8,95.22
2018-08-08,3.8,95.05
2018-08-09,3.8,95.5
2018-08-10,3.8,96.36
2018-08-11,3.8,96.36
2018-08-12,3.8,96.36
2018-08-13,3.8,96.39
2018-08-14,3.8,96.73
2018-08-15,3.8,96.7
2018-08-16,3.8,96.64
2018-08-17,3.8,96.1
2018-08-18,3.8,96.1
2018-08-19,3.8,96.1
2018-08-20,3.8,95.9
2018-08-21,3.8,95.26
2018-08-22,3.8,95.15
2018-08-23,3.8,95.67
2018-08-24,3.8,95.15
2018-08-25,3.8,95.15
2018-08-26,3.8,95.15
2018-08-27,3.8,94.78
2018-08-28,3.8,94.72
2018-08-29,3.8,94.6
2018-08-30,3.8,94.72
2018-08-31,3.8,95.14
2018-09-01,3.7,95.14
2018-09-02,3.7,95.14
2018-09-03,3.7,95.14
2018-09-04,3.7,95.44
2018-09-05,3.7,95.18
2018-09-06,3.7,95.02
2018-09-07,3.7,95.36
2018-09-08,3.7,95.36
2018-09-09,3.7,95.36
2018-09-10,3.7,95.15
2018-09-11,3.7,95.25
2018-09-12,3.7,94.8
2018-09-13,3.7,94.52
2018-09-14,3.7,94.93
2018-09-15,3.7,94.93
2018-09-16,3.7,94.93
2018-09-17,3.7,94.5
2018-09-18,3.7,94.64
2018-09-19,3.7,94.54
2018-09-20,3.7,93.91
2018-09-21,3.7,94.22
2018-09-22,3.7,94.22
2018-09-23,3.7,94.22
2018-09-24,3.7,94.19
2018-09-25,3.7,94.13
2018-09-26,3.7,94.19
2018-09-27,3.7,94.89
2018-09-28,3.7,95.13
2018-09-29,3.7,95.13
2018-09-30,3.7,95.13
2018-10-01,3.8,95.3
2018-10-02,3.8,95.51
2018-10-03,3.8,95.76
2018-10-04,3.8,95.75
2018-10-05,3.8,95.62
2018-10-06,3.8,95.62
2018-10-07,3.8,95.62
2018-10-08,3.8,95.76
2018-10-09,3.8,95.67
2018-10-10,3.8,95.51
2018-10-11,3.8,95.02
2018-10-12,3.8,95.22
2018-10-13,3.8,95.22
2018-10-14,3.8,95.22
2018-10-15,3.8,95.06
2018-10-16,3.8,95.05
2018-10-17,3.8,95.58
2018-10-18,3.8,95.9
2018-10-19,3.8,95.71
2018-10-20,3.8,95.71
2018-10-21,3.8,95.71
2018-10-22,3.8,96.01
2018-10-23,3.8,95.96
2018-10-24,3.8,96.43
2018-10-25,3.8,96.68
2018-10-26,3.8,96.36
2018-10-27,3.8,96.36
2018-10-28,3.8,96.36
2018-10-29,3.8,96.58
2018-10-30,3.8,97.01
2018-10-31,3.8,97.13
2018-11-01,3.7,96.28
2018-11-02,3.7,96.54
2018-11-03,3.7,96.54
2018-11-04,3.7,96.54
2018-11-05,3.7,96.28
2018-11-06,3.7,96.32
2018-11-07,3.7,96
2018-11-08,3.7,96.72
2018-11-09,3.7,96.91
2018-11-10,3.7,96.91
2018-11-11,3.7,96.91
2018-11-12,3.7,97.54
2018-11-13,3.7,97.3
2018-11-14,3.7,96.8
2018-11-15,3.7,96.93
2018-11-16,3.7,96.47
2018-11-17,3.7,96.47
2018-11-18,3.7,96.47
2018-11-19,3.7,96.19
2018-11-20,3.7,96.84
2018-11-21,3.7,96.71
2018-11-22,3.7,96.71
2018-11-23,3.7,96.92
2018-11-24,3.7,96.92
2018-11-25,3.7,96.92
2018-11-26,3.7,97.07
2018-11-27,3.7,97.37
2018-11-28,3.7,96.79
2018-11-29,3.7,96.78
2018-11-30,3.7,97.27
,,
